CRN,Subj,Course,Sec,Title,Creds Days,Time,Instructor,Notes
34379,AY,0010,01,Intro Four-Field Anthropology,3 TF,1100-1215pm,Lacy S,WDIV
34380,AY,0010,02,Intro Four-Field Anthropology,3 TF,1230-0145pm,Lacy S,WDIV
35688,AY,0052,01,Culture and Political Economy,3 TF,0930-1045am,Crawford D,
34553,AY,0110,01,Biological Anthropology,3 W,0200-0430pm,Hensley-Marschand B,
34749,AY,0110,02,Biological Anthropology,3 W,0630-0900pm,Hensley-Marschand B,
34742,AY,0111,01,Cultural Anthropology,3 MR,0330-0445pm,Babo A,WDIV
34743,AY,0111,02,Cultural Anthropology,3 MR,1230-0145pm,Babo A,WDIV
35147,AY,0111,OL1,Cultural Anthropology,3,Online,Wilson J,WDIV
34953,AY,0115,01,Biomedical Anthropology,3 M,0630-0900pm,Aronsen G,
34954,AY,0180,OL1,Grant Writing for Social Sci,3,Online,Crawford D,
35943,AY,0390C,01,Spec Topics: Anthro and Educ,3 R,0630-0900pm,Wessler S,
CRN,Subj,Course,Sec,Title,Creds Days,Time,Instructor,Notes
34246,AE,0262,01,Ethics and the Community,3 W,0200-0430pm,Liftig R,UDIV
34630,AE,0265,01,Ethics in Education,3 TR,0500-0615pm,Liftig R,UDIV
34306,AE,0276,01,Ethical Dimens/Global Bus Prac,3 MR,0930-1045am,Day R,WDIV
34247,AE,0281,01,Ethics of Communications,3 T,0630-0900pm,Butler B,
35934,AE,0283,01,Environmental Justice,3 M,0630-0900pm,Newman R,
35017,AE,0284,01,Environmental Ethics,3 TF,1230-0145pm,Svoboda T,
34163,AE,0285,01,Ethics of Health Care,3 MW,0500-0615pm,Naser C,
35079,AE,0285,02,Ethics of Health Care,3 T,0500-0730pm,Newman R,
34173,AE,0287,01,Engineering Ethics,3 MR,0200-0315pm,Schmidt D,
34117,AE,0291,01,Business Ethics,3 T,0630-0900pm,Ventrella S,
35018,AE,0291,02,Business Ethics,3 MR,1100-1215pm,Lee J,IGRC UDIV
35019,AE,0291,03,Business Ethics,3 M,0630-0900pm,Schmidt N,
35020,AE,0291,04,Business Ethics,3 W,0200-0430pm,Schmidt N,
35021,AE,0291,OL1,Business Ethics,3,Online,Sticca-Conrod L,
35022,AE,0291,OL2,Business Ethics,3,Online,Sticca-Conrod L,
35384,AE,0291,OL3,Business Ethics,3,Online,Yoder J,
34123,AE,0391,01,"Sem Bus Law,Regulation &Ethics",3 M,0630-0900pm,Schmidt D,
CRN,Subj,Course,Sec,Title,Creds Days,Time,Instructor,Notes
34178,AH,0010,01,Origins & Transform Westrn Art,3 TF,0930-1045am,Paqua M,
35692,AH,0010,02,Origins & Transform Westrn Art,3 TF,1100-1215pm,Schwab K,
35693,AH,0010,03,Origins & Transform Westrn Art,3 TF,0200-0315pm,Schwab K,
34074,AH,0011,01,Visual Culture Since 1400,3 TF,1100-1215pm,Rose M,CLRC SJRC
34075,AH,0011,02,Visual Culture Since 1400,3 MR,0930-1045am,Eliasoph P,
34076,AH,0011,03,Visual Culture Since 1400,3 MR,1100-1215pm,Eliasoph P,
34294,AH,0011,04,Visual Culture Since 1400,3 M,0630-0900pm,Eliasoph P,
35694,AH,0102,01,Art of East Asia,3 TF,1230-0145pm,Covaci I,WDIV
35695,AH,0111,01,Greek Art and Archaeology,3 MR,0930-1045am,Schwab K,
35696,AH,0131,01,HighRenaissnce&Mannerism/Italy,3 M,0500-0730pm,DiMarzo M,IGRC
35697,AH,0165,01,African-American Art,3 TR,0800-0915pm,STAFF,UDIV
34171,AH,0330,01,Senior Capstone Seminar,3 W,1100-0130pm,Eliasoph P,
35100,AH,0330A,01,Senior Capstone Seminar,3 W,1100-0130pm,Eliasoph P,
CRN,Subj,Course,Sec,Title,Creds Days Time,,Instructor,Notes
35347,AN,0310,01,Asian Studies Seminar,3 By Arrangement,,Li D,
CRN,Subj,Course,Sec,Title,Creds Days,Time,Instructor,Notes
34257,AR,0111,01,Elem Modern Standard Arabic II,3 MWR,0800-0850am,Hamed Y,
34312,AR,0211,01,Interm Mod Standard Arabic II,3 MR,0930-1020am,Hamed Y,
CRN,Subj,Course,Sec,Title,Creds,Days,Time,Instructor,Notes
34041,BI,0016,01,Fundamentals of Biology II,3,TR,0500-0615pm,Clark M,
35169,BI,0016,02,Fundamentals of Biology II,3,TR,0630-0745pm,Clark M,
34221,BI,0018,01,Human Biology: Form & Function,3,MR,0200-0315pm,Dutta I,
34631,BI,0018,02,Human Biology: Form & Function,3,MR,0330-0445pm,Dutta I,
35170,BI,0018,03,Human Biology: Form & Function,3,MR,0200-0315pm,Zavras E,
35734,BI,0071,OL1,Identity and the Human Genome,3,,Online,Rodriguez C,
34350,BI,0074,01,Biology of Food,3,TF,1100-1215pm,Osier T,
34787,BI,0078,01,Introduction to Marine Science,3,TR,0500-0615pm,Ortman B,
34788,BI,0078,02,Introduction to Marine Science,3,TR,0630-0745pm,Ortman B,
34042,BI,0108,01,Human Anatomy & Physiology II,4,MR,1100-1215pm,Earls C,
34557,BI,0108,02,Human Anatomy & Physiology II,4,MR,1230-0145pm,DeCristofaro A,
34352,BI,0108L,01,Human Anatomy & Physiology Lab,0,M,0100-0350pm,Earls C,
34353,BI,0108L,02,Human Anatomy & Physiology Lab,0,T,0900-1150am,Sauer D,
34354,BI,0108L,03,Human Anatomy & Physiology Lab,0,W,0830-1120am,DeCristofaro A,
34355,BI,0108L,04,Human Anatomy & Physiology Lab,0,W,1230-0320pm,DeCristofaro A,
34356,BI,0108L,05,Human Anatomy & Physiology Lab,0,W,0530-0820pm,Karpinski J,
34558,BI,0108L,06,Human Anatomy & Physiology Lab,0,R,0100-0350pm,Earls C,
34789,BI,0108L,07,Human Anatomy & Physiology Lab,0,F,1000-1250pm,Earls C,
35171,BI,0108L,08,Human Anatomy & Physiology Lab,0,M,0900-1150am,DeCristofaro A,
35172,BI,0108L,09,Human Anatomy & Physiology Lab,0,R,0900-1150am,Sauer D,
35735,BI,0108L,10,Human Anatomy & Physiology Lab,0,M,0530-0820pm,Date S,
34141,BI,0151,01,Elements of Microbiology,4,MR,1230-0145pm,Rodriguez C,
35736,BI,0151,02,Elements of Microbiology,4,TF,1230-0145pm,Rodriguez C,
34357,BI,0151L,01,Elements of Microbiology Lab,0,M,0200-0450pm,STAFF,
34358,BI,0151L,02,Elements of Microbiology Lab,0,T,0930-1220pm,John L,
34771,BI,0151L,03,Elements of Microbiology Lab,0,T,0200-0450pm,John L,
35173,BI,0151L,04,Elements of Microbiology Lab,0,W,0200-0450pm,STAFF,
35737,BI,0151L,05,Elements of Microbiology Lab,0,R,0200-0450pm,Rodriguez C,
34142,BI,0171,01,General Biology II,4,TF,0930-1045am,Andersen C,
34359,BI,0171,02,General Biology II,4,TF,1230-0145pm,Andersen C,
34360,BI,0171L,01,General Biology II Lab,0,M,0200-0450pm,Braun P,
34361,BI,0171L,02,General Biology II Lab,0,M,0200-0450pm,Biardi L,
34362,BI,0171L,03,General Biology II Lab,0,T,0200-0450pm,Brousseau D,
34363,BI,0171L,04,General Biology II Lab,0,T,0200-0450pm,Karpinski J,
34364,BI,0171L,05,General Biology II Lab,0,W,0530-0820pm,Biardi L,
35174,BI,0171L,06,General Biology II Lab,0,R,0200-0450pm,Braun P,
35738,BI,0171L,07,General Biology II Lab,0,R,0200-0450pm,STAFF,
34777,BI,0171P,01,General Biology II PLG,0,T,0300-0350pm,STAFF,
34779,BI,0171P,02,General Biology II PLG,0,T,0400-0450pm,STAFF,
34780,BI,0171P,03,General Biology II PLG,0,T,0500-0550pm,STAFF,
34781,BI,0171P,04,General Biology II PLG,0,W,0300-0350pm,STAFF,
34782,BI,0171P,05,General Biology II PLG,0,W,0400-0450pm,STAFF,
34783,BI,0171P,06,General Biology II PLG,0,W,0500-0550pm,STAFF,
34784,BI,0171P,07,General Biology II PLG,0,R,0300-0350pm,STAFF,
34785,BI,0171P,08,General Biology II PLG,0,R,0400-0450pm,STAFF,
34786,BI,0171P,09,General Biology II PLG,0,R 0500-0550pm,,STAFF,
34805,BI,0171P,10,General Biology II PLG,0,R 0600-0650pm,,STAFF,
35739,BI,0171P,11,General Biology II PLG,0,T 0600-0650pm,,STAFF,
35740,BI,0171P,12,General Biology II PLG,0,W 0600-0650pm,,STAFF,
35087,BI,0201,01,Biology Teaching Practicum,1,By Arrangement,,Gerry S,
35088,BI,0202,01,Biology Teaching Practicum,1,By Arrangement,,Gerry S,
35175,BI,0203,01,Biology Teaching Practicum,1,By Arrangement,,Gerry S,
35176,BI,0204,01,Biology Teaching Practicum,1,By Arrangement,,Gerry S,
35741,BI,0205,01,Biology Teaching Practicum,1,By Arrangement,,Gerry S,
34310,BI,0261,01,Genetics,4,TF 0930-1045am,,Church G,
34365,BI,0261L,01,Genetics Lab,0,T 0200-0450pm,,Church G,
34366,BI,0261L,02,Genetics Lab,0,W 0200-0450pm,,Fernandez A,
35742,BI,0262,01,Human Physiology,4,MR 0930-1045am,,Moran C,
35743,BI,0262L,01,Human Physiology Lab,0,T 0200-0450pm,,Gerry S,
35113,BI,0296,01,Special Topics in Biology,3,By Arrangement,,Phelan S,
35744,BI,0319,01,Zoology Field Experience,3,W 1100-0130pm,,Byun S,SERL
35745,BI,0319L,01,Zoology Field Experience Lab,3,W 1100-0130pm,,Byun S,SERL
34297,BI,0324,01,Biochemistry I,3,MR 0930-1045am,,Smith-Carpenter J,
34367,BI,0324L,01,Biochemistry Lab,1,W 0200-0450pm,,Smith-Carpenter J,
35179,BI,0327,01,Cell Biology,4,TF 1100-1215pm,,Phelan S,
35182,BI,0327L,01,Cell Biology Lab,0,T 0200-0450pm,,Phelan S,
35746,BI,0330,01,Nutrient Metabolism,3,MR 1100-1215pm,,Andersen C,
35747,BI,0342,01,Developmental Biology,4,TF 0930-1045am,,Fernandez A,
35748,BI,0342L,01,Developmental Biology Lab,0,T 0200-0450pm,,Fernandez A,
35749,BI,0357,01,General Virology,3,MR 1230-0145pm,,Braun P,
35750,BI,0364,01,Freshwater Ecology,4,MR 1100-1215pm,,Klug J,
35751,BI,0364L,01,Freshwater Ecology Lab,0,R 0200-0450pm,,Klug J,
35112,BI,0398,01,Internship,3,By Arrangement,,Gerry S,
35188,BI,0399F,01,Capstone: Coral Reef Ecology,3,W 0200-0430pm,,Brousseau D,
35754,BI,0399K,01,Capstone Seminar: Ichthyology,3,MR 0930-1045am,,Gerry S,
CRN,Subj,Course,Sec,Title,Creds Days,Time,Instructor,Notes
35095,CH,0033,01,Chemistry of Nutrition,3 TF,0330-0445pm,Harper J,
34127,CH,0084,01,Gen Chem for Health Sciences,3 TF,0930-1045am,Reilly-Wiedow E,
35760,CH,0084,02,Gen Chem for Health Sciences,3 TF,0200-0315pm,Reilly-Wiedow E,
34368,CH,0084L,01,Gen Chem for Health Sci Lab,1 M,0900-1150am,O'Connell E,
34369,CH,0084L,02,Gen Chem for Health Sci Lab,1 T,0900-1150am,Wolanin D,
34633,CH,0084L,03,Gen Chem for Health Sci Lab,1 W,0900-1150am,Reilly-Wiedow E,
34729,CH,0084L,04,Gen Chem for Health Sci Lab,1 R,0900-1150am,O'Connell E,
35215,CH,0084L,05,Gen Chem for Health Sci Lab,1 R,0100-0350pm,Reilly-Wiedow E,
34319,CH,0086,01,Chemistry and Art,3 TR,0500-0615pm,Sobczynski D,
35216,CH,0087,01,Molecules of Life,3 TF,0200-0315pm,Harper J,
34561,CH,0112,01,General Chemistry II,3 MR,1100-1215pm,Fischer R,
"",,,,,W,1000-1050am,,
34562,CH,0112,02,General Chemistry II,3 MR,0930-1045am,Miecznikowski J,
"",,,,,W,0900-0950am,,
34563,CH,0112,03,General Chemistry II,3 TF,1100-1215pm,Kubasik M,
"",,,,,W,1100-1150am,,
34801,CH,0112,04,General Chemistry II,3 MR,1230-0145pm,Smith-Carpenter J,
"",,,,,W,1200-1250pm,,
34564,CH,0112L,01,General Chemistry II Lab,1 M,1230-0320pm,Fischer R,
34565,CH,0112L,02,General Chemistry II Lab,1 M,0500-0750pm,STAFF,
34566,CH,0112L,03,General Chemistry II Lab,1 T,1230-0320pm,STAFF,
34567,CH,0112L,04,General Chemistry II Lab,1 T,0500-0750pm,Fischer S,
34568,CH,0112L,05,General Chemistry II Lab,1 W,0100-0350pm,Miecznikowski J,
34962,CH,0112L,06,General Chemistry II Lab,1 W,0500-0750pm,Fischer S,
35217,CH,0112L,07,General Chemistry II Lab,1 R,1230-0320pm,STAFF,
35761,CH,0112L,08,General Chemistry II Lab,1 F,1230-0320pm,Chintapalli S,
35762,CH,0112L,09,General Chemistry II Lab,1,R,0500-0750pm,STAFF,
34046,CH,0212,01,Organic Chemistry II,3,MR,0800-0915am,Steffen L,
"",,,,,,W,0800-0850am,,
34047,CH,0212,02,Organic Chemistry II,3,TF,0930-1045am,O'Connell E,
"",,,,,,W,0900-0950am,,
35218,CH,0212,03,Organic Chemistry II,3,MR,0930-1045am,Van Dyke A,RCOL
"",,,,,,W,0900-0950am,,
34370,CH,0212L,01,Organic Chemistry II Lab,1,M,0100-0450pm,Van Dyke A,
34371,CH,0212L,02,Organic Chemistry II Lab,1,M,0500-0850pm,Van Dyke A,
34372,CH,0212L,03,Organic Chemistry II Lab,1,T,1230-0430pm,Schirmann P,
34373,CH,0212L,04,Organic Chemistry II Lab,1,W,0100-0450pm,Steffen L,
35219,CH,0212L,05,Organic Chemistry II Lab,1,R,0500-0850pm,Schirmann P,
34048,CH,0222,01,Chemical Analysis,3,MR,1100-1215pm,Harper-Leatherman A,
34632,CH,0222L,01,Chemical Analysis Lab,1,W,0100-0450pm,Harper-Leatherman A,
35964,CH,0222L,02,Chemical Analysis Lab,1,T,1230-0420pm,Harper-Leatherman A,
34251,CH,0262,01,Physical Chemistry II,3,TWF,1100-1150am,Weddle G,
34374,CH,0262L,01,Physical Chemistry II Lab,1,T,1230-0330pm,Weddle G,
34222,CH,0324,01,Biochemistry I,3,MR,0930-1045am,Smith-Carpenter J,
34375,CH,0324L,01,Biochemistry Lab,1,W,0200-0450pm,Smith-Carpenter J,
34963,CH,0326L,01,Instrum-Analy Chemical Lab,3,MR,0200-0450pm,Kubasik M,
CRN,Subj,Course,Sec,Title,Creds Days,Time,Instructor,Notes
34258,CI,0111,01,Elementary Chinese II,3 MWR,0200-0250pm,Xiao J,
34259,CI,0211,01,Intermediate Chinese II,3 MR,1230-0120pm,Xiao J,
"",,,,,W,1200-1250pm,,
35764,CI,0221,01,Reading China,3 MWR,0500-0550pm,STAFF,WDIV
CRN,Subj,Course,Sec,Title,Creds Days,Time,Instructor,Notes
35939,CL,0108,01,Myth in Classical Literature,3 MR,1100-1215pm,Rosivach V,
35940,CL,0109,01,Greek Tragedy/Engl Translation,3 W,0630-0900pm,Rosivach V,
34820,CL,0115,01,Greek Civilization,3 MR,1100-1215pm,Ruffini G,
35023,CL,0115,02,Greek Civilization,3 MR,0200-0315pm,Ruffini G,
CRN,Subj,Course,Sec,Title,Creds Days,Time,Instructor,Notes
34107,CO,0100,01,Human Communication Theories,3 TF,1100-1215pm,Brennan N,
34153,CO,0100,02,Human Communication Theories,3 TF,1230-0145pm,Brennan N,
34655,CO,0100,03,Human Communication Theories,3 TF,0200-0315pm,Brennan N,
34081,CO,0101,01,Argument and Advocacy,3 TF,1230-0145pm,Smith J,
34143,CO,0101,02,Argument and Advocacy,3 TF,0200-0315pm,Smith J,
34177,CO,0101,03,Argument and Advocacy,3 TF,1100-1215pm,Smith J,
34384,CO,0101,04,Argument and Advocacy,3 M,0630-0900pm,Larkin T,
34947,CO,0102,01,Intro to Public Relations,3 R,0500-0730pm,Butch K,
34250,CO,0130,01,Mass Media and Society,3 TF,1100-1215pm,Rugg A,
34290,CO,0130,02,Mass Media and Society,3 TF,0930-1045am,Rugg A,
34304,CO,0130,03,Mass Media and Society,3 MR,1100-1215pm,Iddins A,
34948,CO,0130,04,Mass Media and Society,3 MR,0930-1045am,Iddins A,
34082,CO,0200,01,Interpersonal Comm Theories,3 TWF,1100-1150am,Ryan M,
34161,CO,0200,02,Interpersonal Comm Theories,3 TF,0930-1020am,Ryan M,
"",,,,,W,0900-0950am,,
34769,CO,0201,01,Persuasion,3 TF,1230-0145pm,Ryan M,
34770,CO,0220,01,Intro Organizational Comm,3 MR,1100-1215pm,Pagano M,
35775,CO,0231,01,Media Institutions,3 MR,1230-0145pm,Iddins A,
35935,CO,0241,01,Comm & Culture: East and West,3 W,0200-0430pm,Zhang Q,WDIV
34949,CO,0242,01,"Alcohol, Addiction and Culture",3 MR,1100-1215pm,Wills M,SERL
34950,CO,0242,02,"Alcohol, Addiction and Culture",3 MR,0930-1045am,Wills M,SERL
34162,CO,0309,01,Research Proj in Comm:Capstone,3,MR 0200-0315pm,,Nuru A,
34452,CO,0309,02,Research Proj in Comm:Capstone,3,MR 0330-0445pm,,Nuru A,
34951,CO,0324,01,Crisis Communication,3,MR 0200-0315pm,,Pagano M,
35776,CO,0330,01,Misinformation in Digi Media,3,W 0200-0430pm,,Rugg A,
34613,CO,0335,01,"Globalization, Media & Culture",3,TF 0930-1045am,,Brennan N,
34841,CO,0340,01,Conflict Communication,3,W 1100-0130pm,,Zhang Q,
34772,CO,0341,01,End of Life Communication,3,MR 0330-0445pm,,Pagano M,SERL
35102,CO,0399,01,Internship,3,By Arrangement,,Ryan M,
CRN,Subj,Course,Sec,Title,Creds Days,Time,Instructor,Notes
34317,ED,0200,01,Explorations in Education,3 W,0800-1030am,STAFF,SERL UDIV
34191,ED,0241,01,Educational Psychology,3 T,0500-0730pm,Wolen C,
34026,ED,0329,01,Philosophy of Education: Intro,3 W,0200-0430pm,Orelus P,
34121,ED,0350,01,Special Learners in Mainstream,3 W,0630-0900pm,STAFF,
CRN,Subj,Course,Sec,Title,Creds Days,Time,Instructor,Notes
34657,EN,0011,01,Texts and Contexts I,3 TF,0200-0315pm,STAFF,
34001,EN,0012,01,Texts and Contexts II,3 MR,0200-0315pm,Tullis M,
34002,EN,0012,02,Texts and Contexts II,3 TF,0930-1045am,Hilts E,UDIV
34003,EN,0012,03,Texts and Contexts II,3 TF,0200-0315pm,Ferrara L,
34004,EN,0012,04,Texts and Contexts II,3 MR,0200-0315pm,Smith T,
34005,EN,0012,05,Texts and Contexts II,3 MW,0630-0745pm,Louis L,
34006,EN,0012,06,Texts and Contexts II,3 MR,0800-0915am,Dimyan R,
34007,EN,0012,07,Texts and Contexts II,3 MR,1230-0145pm,Madden C,
34008,EN,0012,08,Texts and Contexts II,3 MR,0330-0445pm,Burlinson J,
34009,EN,0012,09,Texts and Contexts II,3 MW,0500-0615pm,White M,
34010,EN,0012,10,Texts and Contexts II,3 MR,0930-1045am,Cordell M,
34011,EN,0012,11,Texts and Contexts II,3 MR,0330-0445pm,STAFF,
34012,EN,0012,12,Texts and Contexts II,3 TF,0330-0445pm,Linder M,
34013,EN,0012,13,Texts and Contexts II,3 MR,0800-0915am,Cordell M,
34014,EN,0012,14,Texts and Contexts II,3 MR,0930-1045am,Bodach J,
34016,EN,0012,15,Texts and Contexts II,3 TF,0330-0445pm,DeStefano M,
34017,EN,0012,16,Texts and Contexts II,3 TF,0930-1045am,Jourdan S,
34018,EN,0012,17,Texts and Contexts II,3 TF,1100-1215pm,Hoover B,
34019,EN,0012,18,Texts and Contexts II,3 TF,1100-1215pm,Moliterno F,
34020,EN,0012,19,Texts and Contexts II,3 MR,0200-0315pm,Hosten C,
34021,EN,0012,20,Texts and Contexts II,3 MR,1100-1215pm,Spinale K,
34022,EN,0012,21,Texts and Contexts II,3 MW,0500-0615pm,Louis L,
34023,EN,0012,22,Texts and Contexts II,3 MR,0330-0445pm,White M,
34027,EN,0012,23,Texts and Contexts II,3 TR,0500-0615pm,Legere D,
34064,EN,0012,24,Texts and Contexts II,3 MR,1100-1215pm,Bodach J,SERL
34065,EN,0012,25,Texts and Contexts II,3 TF,0200-0315pm,Marciano L,
34071,EN,0012,26,Texts and Contexts II,3 TF,0330-0445pm,Marciano L,
34072,EN,0012,27,Texts and Contexts II,3 MR,1230-0145pm,STAFF,
34080,EN,0012,28,Texts and Contexts II,3 TF,1230-0145pm,Ferrara L,
34095,EN,0012,29,Texts and Contexts II,3 TF,0800-0915am,Spinale K,
34100,EN,0012,30,Texts and Contexts II,3 TF,0200-0315pm,STAFF,
34101,EN,0012,31,Texts and Contexts II,3 TF,1230-0145pm,Hilts E,UDIV
34102,EN,0012,32,Texts and Contexts II,3 MR,0200-0315pm,Scruton J,
34103,EN,0012,33,Texts and Contexts II,3 TF,0200-0315pm,Otfinoski S,
34104,EN,0012,34,Texts and Contexts II,3 TF,0200-0315pm,STAFF,
34105,EN,0012,35,Texts and Contexts II,3 TF,1230-0145pm,Otfinoski S,
34136,EN,0012,36,Texts and Contexts II,3 MR,1230-0145pm,Gunter K,
34188,EN,0012,37,Texts and Contexts II,3,TR 0630-0745pm,,Legere D,
34192,EN,0012,38,Texts and Contexts II,3,TF 1230-0145pm,,Veilleux K,
34254,EN,0012,39,Texts and Contexts II,3,TF 1230-0145pm,,Moliterno F,
34455,EN,0012,40,Texts and Contexts II,3,MR 0930-1045am,,Dimyan R,
34456,EN,0012,41,Texts and Contexts II,3,MR 1100-1215pm,,Sweeney M,
34669,EN,0012,42,Texts and Contexts II,3,TF 0200-0315pm,,Linder M,
34670,EN,0012,43,Texts and Contexts II,3,TF 0800-0915am,,Breunig L,
34671,EN,0012,44,Texts and Contexts II,3,TF 0330-0445pm,,STAFF,
35268,EN,0012,45,Texts and Contexts II,3,MR 1100-1215pm,,Madden C,
35269,EN,0012,46,Texts and Contexts II,3,TF 0200-0315pm,,STAFF,
35270,EN,0012,47,Texts and Contexts II,3,TF 0930-1045am,,STAFF,
35271,EN,0012,48,Texts and Contexts II,3,MR 0200-0315pm,,Gunter K,
35272,EN,0012,49,Texts and Contexts II,3,MR 0330-0445pm,,Hosten C,
35273,EN,0012,50,Texts and Contexts II,3,TF 0930-1045am,,Breunig L,
35274,EN,0012,51,Texts and Contexts II,3,TF 0930-1045am,,Spinale K,
35275,EN,0012,52,Texts and Contexts II,3,TF 0930-1045am,,Veilleux K,
35840,EN,0101,01,Intro Lit & Cultural Studies,3,MR 0200-0315pm,,O'Driscoll S,WDIV
35276,EN,0101,OL1,Intro Lit & Cultural Studies,3,Online,,STAFF,WDIV
34591,EN,0102,01,Intro to Contemp Wrld Lit,3,M 0630-0900pm,,O'Driscoll S,HYBD WDIV
35026,EN,0102,OL1,Intro to Contemp Wrld Lit,3,Online,,O'Driscoll S,WDIV
35841,EN,0108,01,Myth in Classical Literature,3,MR 1100-1215pm,,Rosivach V,
35842,EN,0109,01,Greek Tragedy/Engl Translation,3,W 0630-0900pm,,Rosivach V,
34764,EN,0111,01,International Short Fiction,3,T 0500-0730pm,,Pichlikova-Burke L,
35279,EN,0112,01,19th C Russian Novel &Wrld Lit,3,W 0200-0430pm,,Pichlikova-Burke L,
35280,EN,0121,01,American Lit & the Environment,3,MR 0930-1045am,,Bayers P,
35843,EN,0121,02,American Lit & the Environment,3,MR 1100-1215pm,,Bayers P,SJRC
35844,EN,0125,01,American Drama,3,MWR 0200-0250pm,,LoMonaco M,UDIV
35027,EN,0135,01,Graphic Novels: Thrills/Chills,3,TR 0630-0745pm,,Ferree C,UDIV
35845,EN,0136,01,Book Histories and Futures,3,MR 0330-0445pm,,Mercurio J,
34386,EN,0141,01,Imagining Shakespeare,3,MR 0200-0315pm,,Kelley S,CLRC
34765,EN,0141,02,Imagining Shakespeare,3,MR 0330-0445pm,,Scruton J,
35846,EN,0142,01,Myths & Legends /Ire & Britain,3,TF 0930-1045am,,Epstein R,
34454,EN,0161,01,Irish Literature,3,TF 1100-1215pm,,Pearson N,
34980,EN,0163,OL1,Lit of Illness and Healing,3,Online,,Rinaldi J,UDIV
35399,EN,0204,01,Literary Fairy Tale Tradition,3,W 0800-1030am,,Epstein R,
35283,EN,0213,01,Shakespeare I,3,MR 1230-0145pm,,Kelley S,
35847,EN,0275,01,Modern Women Writers,3,W 1100-0130pm,,Orlando E,
35848,EN,0291,01,Gender&Sexuality in Film & Lit,3,R 0330-0445pm,,O'Driscoll S,HYBD
35286,EN,0311,01,Chaucer's Canterbury Tales,3,TF 1100-1215pm,,Epstein R,
35849,EN,0314,01,Renaissance Eros,3,MR 1100-1215pm,,Kelley S,
35031,EN,0352,01,Cultural Studies Theory,3,M 0630-0900pm,,Rajan G,UDIV
34821,EN,0390,01,Literature Capstone,3,W 0200-0430pm,,Pearson N,
34387,ENW,0202,01,Creative Writing: Poetry I,3,MR 0930-1045am,,Sweeney M,
34721,ENW,0205,01,Creative Writing: Fiction I,3,T 0500-0730pm,,Smith T,
34656,ENW,0206,01,Creative Writing: Nonfiction I,3,TF 1100-1215pm,,Huber S,
35850,ENW,0207,01,Themes in Creative Writing,3,TF 1230-0145pm,,Huber S,
34106,ENW,0220,01,News Writing,3,MR 1100-1215pm,,Tullis M,
34293,ENW,0221,01,News Writing II: Digital Desgn,3,TF 1230-0145pm,,Tullis M,
34388,ENW,0290,01,Writing and Responding,3,MR 1230-0145pm,,Boquet E,SERL
35851,ENW,0305,01,Creative Writing: Fiction II,3,W 0200-0430pm,,White M,
34762,ENW,0311,01,Teaching and Writing,3,W 1100-0130pm,,Crandall B,
34601,ENW,0317,01,Teaching and Learning Grammar,3,MR 0330-0445pm,,Boquet E,
35029,ENW,0321,01,Big Data Storytelling,3,MR 1100-1215pm,,Xie L,
34660,ENW,0332,01,Business Writing,3,R 0500-0730pm,,Smith T,
35290,ENW,0338,01,Persuasive Writing,3,MR 1230-0145pm,,Smith T,
34291,ENW,0339,01,Grant and Proposal Writing,3,W 0200-0430pm,,Sobocinski T,SERL UDIV
34763,ENW,0340,01,World of Publishing I,3,MR 1100-1215pm,,Davis C,
35101,ENW,0346,01,Internship,3,T 0500-0730pm,,Orlando E,
35466,ENW,0348,01,Independent Writing Project,3,By Arrangement,,Davis C,
34292,ENW,0397,01,Journalism Practicum,3,By Arrangement,,Xie L,
35077,ENW,0398,01,Publishing Practicum,3,By Arrangement,,Davis C,
34658,ENW,0399,01,Advanced Portfolio Workshop,3,MW 0500-0615pm,,White M,
CRN,Subj,Course,Sec,Title,Creds Days,Time,Instructor,Notes
35755,EV,0303,01,Campus Sustainability,3 W,1100-0130pm,Downie D,
CRN,Subj,Course,Sec,Title,Creds Days Time,,Instructor,Notes
34649,FTM,0011,01,Intro Film & Video Production,3 T 0200-0430pm,,Brooks P,
35366,FTM,0011,02,Intro Film & Video Production,3 W 0200-0430pm,,O'Connor M,
35458,FTM,0011,03,Intro Film & Video Production,3 T 1100-0130pm,,Brooks P,
34650,FTM,0090,01,Production Practicum in FTM,1 By Arrangement,,O'Connor M,
34834,FTM,0104,01,Documentary Cinema,3 T 1100-0130pm,,Fresko D,
34652,FTM,0130,01,Nonlinear Editing for Film &TV,3 R 1100-0130pm,,O'Connor M,
35945,FTM,0201B,01,Italian Cinema,3 MR 0930-1045am,,Carolan M,
35698,FTM,0201C,01,Filmmaker Studies: Hitchcock,3 W 1100-0130pm,,Fresko D,
35947,FTM,0210A,01,Spec Topics: Audio Post Produc,3 F 0930-1200pm,,Matley J,
35699,FTM,0220,01,Intermediate Screenwriting,3 T 0200-0430pm,,O'Connor M,
35700,FTM,0234,01,"Directing for Film, TV, Media",3 R 0500-0730pm,,Brooks P,
35369,FTM,0310,01,Capstone Seminar I,3 R 1100-0130pm,,Brooks P,
CRN,Subj,Course,Sec,Title,Creds Days,Time,Instructor,Notes
34260,FR,0111,01,Elementary French II,3 TWF,0800-0850am,Erotopoulos Z,
34313,FR,0111,02,Elementary French II,3 TF,0930-1020am,Erotopoulos Z,
"",,,,,W,0900-0950am,,
34376,FR,0111,03,Elementary French II,3 TF,1230-0120pm,Boyce M,
"",,,,,W,0100-0150pm,,
34843,FR,0111,04,Elementary French II,3 TF,0200-0250pm,Boyce M,
"",,,,,W,0300-0350pm,,
34261,FR,0211,01,Intermediate French II,3 TWF,1100-1150am,Erotopoulos Z,
34262,FR,0211,02,Intermediate French II,3 MR,0930-1020am,Goldfield J,
"",,,,,W,0900-0950am,,
34263,FR,0211,03,Intermediate French II,3 TWF,0400-0450pm,Boyce M,
34804,FR,0220,01,Topics in Language and Culture,3 TF,1230-0145pm,Erotopoulos Z,
35765,FR,0267,01,French Commercial Culture,3 MR,1100-1215pm,Goldfield J,
35032,FR,0399,01,Capstone Seminar,3 MR,0200-0315pm,Goldfield J,
CRN,Subj,Course,Sec,Title,Creds Days,Time,Instructor,Notes
34255,GM,0111,01,Elementary German II,3 TF,0930-1020am,Wilkinson E,
"",,,,,W,0900-0950am,,
34256,GM,0211,01,Intermediate German II,3 TWF,0800-0850am,Wilkinson E,
35766,GM,0241,01,German Cinema,3 TF,1100-1215pm,Wilkinson E,
35257,GM,0399,01,Capstone Seminar,3 MR,0200-0315pm,Goldfield J,
CRN,Subj,Course,Sec,Title,Creds Days,Time,Instructor,Notes
35370,GD,0202,01,Graphic Design II,3 R,0500-0730pm,Durand M,
CRN,Subj,Course,Sec,Title,Creds Days Time,,Instructor,Notes
34378,GR,0210,01,Intermediate Greek Readings I,3 By Arrangement,,Rosivach V,
CRN,Subj,Course,Sec,Title,Creds Days,Time,Instructor,Notes
35767,HE,0110,01,Elementary Hebrew I,3 MR,0930-1045am,Shur R,
35768,HE,0211,01,Intermediate Hebrew II,3 MR,0800-0915am,Shur R,
CRN,Subj,Course,Sec,Title,Creds Days,Time,Instructor,Notes
34534,HI,0010,01,Origins of Mod Wrld Since 1500,3 MR,1100-1215pm,Lawrence A,
34535,HI,0010,02,Origins of Mod Wrld Since 1500,3 TF,1230-0145pm,Rutter N,
34536,HI,0010,03,Origins of Mod Wrld Since 1500,3 MR,0930-1020am,Rosenfeld G,
"",,,,,W,0900-0950am,,
34537,HI,0010,04,Origins of Mod Wrld Since 1500,3 TF,1100-1215pm,Rutter N,
34538,HI,0010,05,Origins of Mod Wrld Since 1500,3 MR,0330-0445pm,Palmer L,
34539,HI,0010,06,Origins of Mod Wrld Since 1500,3 MR,0930-1045am,Purushotham S,
34540,HI,0010,07,Origins of Mod Wrld Since 1500,3 MR,1230-0120pm,Behre P,
"",,,,,W,1200-1250pm,,
34541,HI,0010,08,Origins of Mod Wrld Since 1500,3 MR,1100-1150am,Behre P,
"",,,,,W,1000-1050am,,
34542,HI,0010,09,Origins of Mod Wrld Since 1500,3 M,0630-0900pm,Behre P,
34543,HI,0010,10,Origins of Mod Wrld Since 1500,3 R,0500-0730pm,Hohl E,
34726,HI,0010,11,Origins of Mod Wrld Since 1500,3 MR,0800-0915am,Purushotham S,
34842,HI,0010,12,Origins of Mod Wrld Since 1500,3 MR,0200-0315pm,Lawrence A,
35348,HI,0010,13,Origins of Mod Wrld Since 1500,3 TF,0930-1045am,Keegan K,
34661,HI,0202,01,Health & Healing in America,3 MR,0930-1045am,Palmer L,IGRC
35796,HI,0203,01,European Society Middle Ages,3 MR,0330-0445pm,Behre P,
35797,HI,0212,01,Mod Germany: Reich to Republic,3 MR,1230-0145pm,Rosenfeld G,
35798,HI,0213,01,Europe Since World War II,3 TF,1230-0145pm,Rosenfeld G,
35799,HI,0242,01,"Immigration, Race, Ethnicity",3 MR,1230-0145pm,Bucki C,UDIV
35800,HI,0242,02,"Immigration, Race, Ethnicity",3 MR,0200-0315pm,Bucki C,UDIV
35801,HI,0262,01,African-Amer History 1619-1865,3 TF,1230-0145pm,Hohl E,UDIV
35802,HI,0262,02,African-Amer History 1619-1865,3 TF,0200-0315pm,Hohl E,UDIV
34663,HI,0270,01,Hist/Globl Humanitarian Action,3 TF,0930-1045am,McFadden D,SJRC WDIV
35356,HI,0273,01,Centrl&Eastrn Europe Since1945,3 W,1100-0130pm,Pichlikova-Burke L,
35803,HI,0279,01,China Classical Time to 1800s,3 TF,0930-1045am,Li D,WDIV
35804,HI,0279,02,China Classical Time to 1800s,3 TF,1100-1215pm,Li D,WDIV
35357,HI,0280,01,The West and the Middle East,3 TF,0200-0315pm,Coury R,WDIV
35358,HI,0280,02,The West and the Middle East,3 TF,1100-1215pm,Coury R,WDIV
35805,HI,0289,01,Modern Latin America 1800-Pres,3 MR,1100-1215pm,Adair J,WDIV
35806,HI,0289,02,Modern Latin America 1800-Pres,3 MR,0200-0315pm,Adair J,WDIV
35807,HI,0298,01,Historical Geography,3 TF,0200-0315pm,Keegan K,
35808,HI,0335,01,Civil War and Reconstruction,3 W,0200-0430pm,Hohl E,
35809,HI,0368,01,Decolonization in World Hist,3 R,0500-0730pm,Purushotham S,
35810,HI,0385,01,Comparative Russian Revolutns,3 T,0500-0730pm,McFadden D,
CRN,Subj,Course,Sec,Title,Creds Days,Time,Instructor,Notes
34115,HR,0101,01,Minds and Bodies,4 MR,1100-1215pm,LoMonaco M,
"",,,,,W,1000-1050am,,
34116,HR,0101,02,Minds and Bodies,4 TF,0900-1040am,Rose M,
35941,HR,0101,03,Minds and Bodies,4 MR,1230-0145pm,Porter L,
"",,,,,W,1200-1250pm,,
34043,HR,0201,01,Non-Western Culture,3,TF,0200-0315pm,Li D,WDIV
34124,HR,0202,01,Honors Seminar,3,MR,1230-0145pm,Slotemaker J,
34125,HR,0202,02,Honors Seminar,3,TF,1230-0145pm,Labinski M,
34287,HR,0202,03,Honors Seminar,3,MR,1100-1215pm,Nash L,RCOL UDIV
34126,HR,0300,01,Interdisciplinary Inquiry,3,MR,1230-0145pm,Bayers P,
CRN,Subj,Course,Sec,Title,Creds Days Time,,Instructor,Notes
35386,HA,0298,01,Humanitarian Action Internship,3 By Arrangement,,Mughal J,
35342,HA,0300,01,Humanitarian Action Capstone,3 W 1100-0130pm,,Leatherman J,
CRN,Subj,Course,Sec,Title,Creds Days,Time,Instructor,Notes
35892,HU,0201,01,Technical Skills for Lib Arts,3 MR,0200-0315pm,STAFF,
35097,HU,0301,01,Humanities Institute Seminar,3 TF,0330-0445pm,Behre P,
CRN,Subj,Course,Sec,Title,Creds Days,Time,Instructor,Notes
34252,IL,0050,01,"People, Places & Global Issues",3 MR,0930-1045am,Cantave R,WDIV
35686,IL,0050,02,"People, Places & Global Issues",3 MR,1230-0145pm,Cantave R,WDIV
34316,IL,0051,01,Intl Rels: Theories&Challenges,3 TF,1230-0145pm,Garcia Iommi L,
34253,IL,0052,01,Culture and Political Economy,3 TF,0930-1045am,Crawford D,
34073,IL,0300,01,Senior Capstone Seminar,3 M,0800-1030am,Franceschi D,
34086,IL,0300,02,Senior Capstone Seminar,3 W,1100-0130pm,Babo A,
35687,IL,0300,03,Senior Capstone Seminar,3 F,0200-0430pm,Leatherman J,
CRN,Subj,Course,Sec,Title,Creds Days,Time,Instructor,Notes
35431,IRI,0111,01,Intro to Irish Language II,3 MW,0630-0745pm,Feeney J,
CRN,Subj,Course,Sec,Title,Creds Days,Time,Instructor,Notes
34673,IT,0111,01,Elementary Italian II,3 MR,1100-1150am,Carolan M,
"",,,,,W,1000-1050am,,
34674,IT,0111,02,Elementary Italian II,3 MR,1230-0120pm,Carolan M,
"",,,,,W,1200-1250pm,,
34675,IT,0111,03,Elementary Italian II,3 MWR,0200-0250pm,Eliasoph Y,
34676,IT,0111,04,Elementary Italian II,3 MWR,0400-0450pm,Eliasoph Y,
34677,IT,0111,05,Elementary Italian II,3 TF,1230-0120pm,Christopher F,
"",,,,,W,0100-0150pm,,
35258,IT,0111,06,Elementary Italian II,3 TF,0200-0250pm,Christopher F,
"",,,,,W,0300-0350pm,,
34264,IT,0211,01,Intermediate Italian II,3 MWR,0500-0550pm,De Cicco L,
34265,IT,0211,02,Intermediate Italian II,3 TWF,0800-0850am,Diaz S,
34266,IT,0211,03,Intermediate Italian II,3 TF,0930-1020am,Diaz S,
"",,,,,W,0900-0950am,,
34377,IT,0211,04,Intermediate Italian II,3 TWF,0400-0450pm,Christopher F,
35769,IT,0257,01,Theatre in Italy: Comedy,3 TF,1100-1215pm,Diaz S,
35944,IT,0271,01,Italian Cinema,3 MR,0930-1045am,Carolan M,
35033,IT,0399,01,Capstone Seminar,3 MR,0200-0315pm,Goldfield J,
CRN,Subj,Course,Sec,Title,Creds Days,Time,Instructor,Notes
34267,JA,0111,01,Elementary Japanese II,3 MWR,0400-0450pm,Avery K,
34268,JA,0211,01,Intermediate Japanese II,3 MR,0200-0315pm,Avery K,
CRN,Subj,Course,Sec,Title,Creds Days,Time,Instructor,Notes
34300,LA,0211,01,Readings in Latin II: Sallust,3 MR,0930-1045am,Rosivach V,
CRN,Subj,Course,Sec,Title,Creds Days,Time,Instructor,Notes
34174,LAC,0300,01,Justice and the Dev World,4 W,0200-0430pm,Farrell M,WDIV
CRN,Subj,Course,Sec,Title,Creds Days,Time,Instructor,Notes
35387,MA,0011,01,Precalculus,3 TF,0330-0445pm,DiCenso A,
35388,MA,0015,01,Mathematics: An Exploration,3 TF,1230-0145pm,Duckett M,
35389,MA,0016,01,Concepts of Calculus,3 TF,1230-0120pm,Ryan D,
"",,,,,W,0100-0150pm,,
35390,MA,0016,02,Concepts of Calculus,3 TR,0500-0615pm,Grant M,
35391,MA,0016,03,Concepts of Calculus,3 MW,0500-0615pm,Grant M,
35392,MA,0016,04,Concepts of Calculus,3 MR,1230-0120pm,Bernhardt C,
"",,,,,W,1200-1250pm,,
35393,MA,0016,05,Concepts of Calculus,3 MWR,0200-0250pm,Bernhardt C,
35918,MA,0016,06,Concepts of Calculus,3 MR,1100-1215pm,Baginski P,
34288,MA,0017,01,Intro Probability & Statistics,3 MR,0200-0315pm,Duckett M,
34502,MA,0017,02,Intro Probability & Statistics,3 MR,1230-0145pm,Duckett M,
34503,MA,0017,03,Intro Probability & Statistics,3 TWF,1100-1150am,McSweeney L,
35919,MA,0017,04,Intro Probability & Statistics,3 TF,0200-0315pm,Lalani R,
34504,MA,0119,01,Applied Calculus I,3 TWF,1100-1150am,Cunningham P,
34505,MA,0119,02,Applied Calculus I,3 MR,1230-0120pm,Wakin S,
"",,,,,W,1200-1250pm,,
35009,MA,0119,03,Applied Calculus I,3 TF,0930-1020am,Cunningham P,
"",,,,,W,0900-0950am,,
34635,MA,0120,01,Applied Calculus II,3 TWF,1100-1150am,Weiss J,
34636,MA,0120,02,Applied Calculus II,3 TF,1230-0120pm,Staecker C,
"",,,,,W,0100-0150pm,,
35394,MA,0120,03,Applied Calculus II,3 TF,0930-1020am,Weiss J,
"",,,,,W,0900-0950am,,
35920,MA,0120,04,Applied Calculus II,3 MR,0200-0315pm,Giegengack E,
34500,MA,0146,01,Calculus II (Chem/Engr/Phys),4 MR,1230-0145pm,Sawin S,
"",,,,,W,1200-1250pm,,
34501,MA,0146,02,Calculus II (Chem/Engr/Phys),4 MR,1100-1215pm,LeMay S,
"",,,,,W,1000-1050am,,
35010,MA,0146,03,Calculus II (Chem/Engr/Phys),4 TF,0200-0315pm,Ryan D,
"",,,,,W,0300-0350pm,,
35921,MA,0146,04,Calculus II (Chem/Engr/Phys),4 TF,1230-0145pm,Weiss J,
"",,,,,W,0100-0150pm,,
34028,MA,0172,01,Calculus II,4 MR,0800-0915am,LeMay S,
"",,,,,W,0800-0850am,,
34289,MA,0172,02,Calculus II,4 MR,0930-1045am,LeMay S,
"",,,,,W,0900-0950am,,
35922,MA,0172,03,Calculus II,4 MR,1100-1215pm,Mulvey I,
"",,,,,W,1000-1050am,,
35923,MA,0172,04,Calculus II,4 MR,0200-0315pm,Rafalski S,
"",,,,,W,0200-0250pm,,
35924,MA,0211,01,Applied Matrix Theory,3,MWR,0200-0250pm,Wakin S
34144,MA,0217,01,Accelerated Statistics,3,MR,0930-1045am,Fine B
34189,MA,0217,02,Accelerated Statistics,3,TWF,0800-0850am,McSweeney L
34236,MA,0217,03,Accelerated Statistics,3,MWR,0200-0250pm,Mulvey I
34273,MA,0217,04,Accelerated Statistics,3,MR,0800-0915am,Cron J
34275,MA,0217,05,Accelerated Statistics,3,MR,0930-1045am,Cron J
34276,MA,0217,06,Accelerated Statistics,3,MR,0800-0915am,Danaher R
34637,MA,0217,07,Accelerated Statistics,3,MR,0930-1045am,Danaher R
34638,MA,0217,08,Accelerated Statistics,3,TF,1100-1215pm,Hashemiyeh S
34639,MA,0217,09,Accelerated Statistics,3,TF,1230-0145pm,Hashemiyeh S
34725,MA,0217,10,Accelerated Statistics,3,TR,0500-0615pm,Kapoor N
34776,MA,0217,11,Accelerated Statistics,3,TF,1230-0120pm,Madera V
"",,,,,,W,0100-0150pm,
34867,MA,0217,12,Accelerated Statistics,3,TF,0200-0250pm,Madera V
"",,,,,,W,0300-0350pm,
35011,MA,0217,13,Accelerated Statistics,3,MWR,0200-0250pm,Sawin S
34640,MA,0231,01,Discrete Mathematics,3,TF,0200-0315pm,Duckett M
35089,MA,0231,02,Discrete Mathematics,3,TF,0930-1020am,Striuli J
"",,,,,,W,0900-0950am,
34029,MA,0235,01,Linear Algebra,3,MR,1100-1150am,Rafalski S
"",,,,,,W,1000-1050am,
34030,MA,0235,02,Linear Algebra,3,TWF,1100-1150am,Staecker C
35012,MA,0251,01,Ordinary Differentl Equations,3,MR,0200-0315pm,Coleman M
35013,MA,0251,02,Ordinary Differentl Equations,3,TF,1230-0145pm,Wakin S
35395,MA,0251,03,Ordinary Differentl Equations,3,TF,1100-1215pm,Wakin S
34506,MA,0300,01,Topics in Discrete Mathematics,3,TF,1230-0120pm,Striuli J
"",,,,,,W,0100-0150pm,
35925,MA,0332,01,Partial Differential Equations,3,MR,0330-0445pm,Coleman M
35926,MA,0337,01,Number Theory,3,MR,0930-1045am,Baginski P
34389,MA,0342,01,Theory of Computation,3,TF,0930-1020am,Staecker C
"",,,,,,W,0900-0950am,
34031,MA,0352,01,Mathematical Statistics,3,TF,0930-1020am,McSweeney L
"",,,,,,W,0900-0950am,
34309,MA,0354,01,Actuarial Problem Solving,1,W,0200-0250pm,McSweeney L
35927,MA,0361,01,Topics in Algebra,3,MW,0500-0615pm,Baginski P
35396,MA,0373,01,Complex Analysis,3,MR,1100-1215pm,Demers M
34032,MA,0391,01,Honors Seminar II,3,MR,1230-0145pm,Demers M
CRN,Subj,Course,Sec,Title,Creds Days Time,,Instructor,Notes
34096,MU,0101,01,The History of Jazz,3 T 0500-0730pm,,Fumasoli J,UDIV
35701,MU,0103,01,History of Music: 400-1700,3 TF 1100-1215pm,,Murchie A,
34193,MU,0104,01,History of Music: 1700-1964,3 TF 1230-0145pm,,Murchie A,
34647,MU,0104,02,History of Music: 1700-1964,3 MR 0930-1045am,,Nash L,
35052,MU,0104,OL1,History of Music: 1700-1964,3 Online,,Ciavaglia M,
35702,MU,0132,01,Crit Issues in Amer Pop Music,3 MR 0930-1045am,,Torff B,UDIV
35703,MU,0132,02,Crit Issues in Amer Pop Music,3 MR 1100-1215pm,,Torff B,UDIV
35373,MU,0156,01,Intro to Music Technology,3 TF 1230-0145pm,,Cooney M,
35948,MU,0200D,01,Spec Topics: Audio Post Produc,3 F 0930-1200pm,,Matley J,
35374,MU,0201,OL1,Hip-Hop and Its Antecedants,3 Online,,Virdin A,UDIV
35437,MU,0244,01,Music of the 20th Century,3 W 0200-0430pm,,Ciavaglia M,SJRC
34108,MU,0250,01,Music Theory & Composition II,3 TF 1100-1215pm,,Cooney M,
34154,MU,0255,01,Instrumental Ensembles,1 T 0700-0930pm,,Grauer J,
34077,MU,0256,01,Jazz Ensemble,1 T 0500-0630pm,,Torff B,
34286,MU,0311,01,Senior Capstone Project II,3 By Arrangement,,Nash L,
CRN,Subj,Course,Sec,Title,Creds Days,Time,Instructor,Notes
34507,PH,0101,01,Introduction to Philosophy,3 MR,1230-0145pm,Brill S,
34508,PH,0101,02,Introduction to Philosophy,3 MR,0200-0315pm,Brill S,
34509,PH,0101,03,Introduction to Philosophy,3 MR,0930-1045am,Davenport D,
34510,PH,0101,04,Introduction to Philosophy,3 MR,1100-1215pm,Keenan D,
34511,PH,0101,05,Introduction to Philosophy,3 MW,0500-0615pm,Alcorn J,
34512,PH,0101,06,Introduction to Philosophy,3 MR,1230-0145pm,Weekes A,
34513,PH,0101,07,Introduction to Philosophy,3 TF,0200-0315pm,Bayne S,
34514,PH,0101,08,Introduction to Philosophy,3 MW,0630-0745pm,Alcorn J,
34515,PH,0101,09,Introduction to Philosophy,3 MR,0330-0445pm,Keenan D,
34516,PH,0101,10,Introduction to Philosophy,3 TF,0930-1045am,Drake R,
34517,PH,0101,11,Introduction to Philosophy,3 MR,0800-0915am,Davenport D,
34518,PH,0101,12,Introduction to Philosophy,3 MR,0930-1045am,Spinale K,
34519,PH,0101,13,Introduction to Philosophy,3 TF,0200-0315pm,Smith J,
34520,PH,0101,14,Introduction to Philosophy,3 MR,0200-0315pm,Smith J,
34521,PH,0101,15,Introduction to Philosophy,3 TF,0330-0445pm,Smith J,
34522,PH,0101,16,Introduction to Philosophy,3 TR,0500-0615pm,Corcoran P,
35193,PH,0101,17,Introduction to Philosophy,3 TF,0330-0445pm,Sypher L,
35194,PH,0101,18,Introduction to Philosophy,3 TR,0630-0745pm,Corcoran P,
35195,PH,0101,19,Introduction to Philosophy,3 MW,0500-0615pm,Weekes A,
35811,PH,0101,20,Introduction to Philosophy,3 T,0500-0730pm,Guindon E,
35812,PH,0101,21,Introduction to Philosophy,3 R,0500-0730pm,Guindon E,
35813,PH,0101,22,Introduction to Philosophy,3 MW,0630-0745pm,Weekes A,
34523,PH,0200,01,Ancient Philosophy,3 TF,1230-0145pm,Drake R,
34524,PH,0200,02,Ancient Philosophy,3 TF,1100-1215pm,Drake R,
35814,PH,0200,03,Ancient Philosophy,3 MR,0200-0315pm,Weekes A,
34525,PH,0202,01,Modern Philosophy,3 TF,0930-1045am,Bayne S,
35815,PH,0202,02,Modern Philosophy,3 TF,1100-1215pm,Bayne S,
34526,PH,0209,01,Existentialism,3 TR,0500-0615pm,Stambovsky P,
34527,PH,0209,02,Existentialism,3 TR,0630-0745pm,Stambovsky P,
34528,PH,0215,01,Philosophy of Science,3 MR,0330-0445pm,Colburn J,
35816,PH,0217,01,Logic,3 MR,1100-1215pm,Colburn J,
35817,PH,0221,01,The Question of Religion,3 MR,0930-1045am,Keenan D,
35818,PH,0222,01,Evil,3 TF,1230-0145pm,Lew G,
35819,PH,0230,01,Phil of Self and Subjectivity,3 F,0200-0430pm,Lew G,
34973,PH,0240,01,Intro to Asian Philosophies,3 TF,1230-0145pm,Rodrigues U,WDIV
34974,PH,0240,02,Intro to Asian Philosophies,3 TF,0200-0315pm,Rodrigues U,WDIV
34530,PH,0250,01,Ethical Theory,3 MR,0330-0445pm,Naser C,
34531,PH,0250,02,Ethical Theory,3 F,0200-0430pm,Svoboda T,
35820,PH,0250,03,Ethical Theory,3 MW,0630-0745pm,Naser C,
34532,PH,0260,01,Social & Political Philosophy,3 M,0800-1030am,Fernandez J,
34533,PH,0260,02,Social & Political Philosophy,3 F,0800-1030am,Fernandez J,
35198,PH,0270,01,Aesthetics,3 R,0500-0730pm,Smith J,
35821,PH,0282,01,Violence and the Sacred,3 TF,0930-1045am,Labinski M,
35822,PH,0282,02,Violence and the Sacred,3 TF,1100-1215pm,Labinski M,CLRC
35823,PH,0300,01,Plato,3 MR,1100-1215pm,Brill S,
35824,PH,0350,01,Advanced Topics in Ethics,3 T,0500-0730pm,Svoboda T,
35825,PH,0360,01,Critical Race Theory,3 W,1100-0130pm,Sealey K,UDIV
CRN,Subj,Course,Sec,Title,Creds Days,Time,Instructor,Notes
35073,PS,0078,OL1,The Nature of the Universe,3,Online,Kuhn J,
34229,PS,0087,01,Fundamentals of Astronomy,3 MR,1230-0145pm,Norvell B,
34238,PS,0087,02,Fundamentals of Astronomy,3 MR,0200-0315pm,Norvell B,
35306,PS,0116,01,General Physics II,3 TF,1100-1215pm,Biselli A,
"",,,,,W,1100-1150am,,
35307,PS,0116,02,General Physics II,3 TF,0800-0915am,Stott J,
"",,,,,W,0800-0850am,,
35308,PS,0116,03,General Physics II,3 TR,0500-0640pm,Dlugos D,
35309,PS,0116,04,General Physics II,3,MR,0800-0915am,Xu M
"",,,,,,W,0800-0850am,
35310,PS,0116,05,General Physics II,3,TF,0930-1045am,Stott J
"",,,,,,W,0900-0950am,
35311,PS,0116,06,General Physics II,3,MR,1100-1215pm,Das B
"",,,,,,W,1000-1050am,
35312,PS,0116L,01,General Physics II Lab,1,M,0200-0430pm,Das B
35313,PS,0116L,02,General Physics II Lab,1,T,0200-0430pm,Cordery R
35314,PS,0116L,03,General Physics II Lab,1,W,0200-0430pm,Das B
35315,PS,0116L,04,General Physics II Lab,1,W,0600-0830pm,Cordery R
35316,PS,0116L,05,General Physics II Lab,1,F,0330-0600pm,Kuhn J
35317,PS,0116L,06,General Physics II Lab,1,R,0200-0430pm,Xu M
35721,PS,0206L,01,Modern Optics Lab,1,M,0200-0430pm,Xu M
35722,PS,0215,01,Computational Physics,3,TF,0930-1045am,Biselli A
35723,PS,0222,01,Modern Optics,3,TF,0200-0315pm,Stott J
35724,PS,0260,01,Intro to Biomedical Optics,3,MR,0930-1045am,Das B
CRN,Subj,Course,Sec,Title,Creds Days,Time,Instructor,Notes
34035,PO,0011,01,Intro to American Politics,3 MR,1230-0145pm,Alphonso G,RCOL SERL
34036,PO,0011,02,Intro to American Politics,3 MR,0200-0315pm,Alberda G,
34037,PO,0012,01,Intro to Comparative Politics,3 TF,1100-1215pm,Patton M,WDIV
34069,PO,0014,01,Intro to Political Theory,3 MR,0930-1045am,Cassidy K,
35334,PO,0118,01,American Political Thought,3 MR,0200-0315pm,Cassidy K,
34603,PO,0130,01,Intl Rels: Theories&Challenges,3 TF,1230-0145pm,Garcia Iommi L,
35787,PO,0132,01,Climate Change: Poli & Policy,3 W,0630-0900pm,Downie D,
35335,PO,0133,01,United States Foreign Policy,3 TF,0200-0315pm,Garcia Iommi L,
35788,PO,0137,01,Threats to Globl Sec in 21st C,3 TF,1100-1215pm,Garcia Iommi L,
35789,PO,0140,01,Islam and Muslim Politics,3 TF,0930-1045am,Patton M,WDIV
35790,PO,0141,01,African Politics,3 MR,0330-0445pm,Boryczka J,SERL WDIV
35337,PO,0147,01,N Ireland: Pol of War & Peace,3 R,0500-0730pm,Cassidy K,
34237,PO,0153,01,"Politics, Race,Class & Gender",3 MR,1230-0145pm,Boryczka J,SJRC UDIV
35791,PO,0155,01,Public Administration,3 T,0630-0900pm,Alberda G,
35942,PO,0165,01,Pol Parties & Interest Groups,3 MR,1100-1215pm,Alphonso G,UDIV
35792,PO,0166,01,American Public Policy,3 TF,0930-1045am,Downie D,
35793,PO,0173,01,Campaigns and Elections,3 W,1100-0130pm,Alberda G,
35794,PO,0190H,01,Topics: Impeachment &25thAmend,3 M,0630-0900pm,STAFF,
35795,PO,0344,01,Seminar on the Middle East,3 T,0500-0730pm,Patton M,
CRN,Subj,Course,Sec,Title,Creds Days,Time,Instructor,Notes
34039,PY,0101,01,General Psychology,3 MR,0800-0915am,Fitzgerald L,
34040,PY,0101,02,General Psychology,3 TF,0930-1045am,Andreychik M,
34766,PY,0101,03,General Psychology,3 MW,0630-0745pm,Creane M,
34790,PY,0101,04,General Psychology,3 MWR,0200-0250pm,Rakowitz S,
34682,PY,0111,01,Dev Psychology for Non-Majors,3 TR,0630-0745pm,Amico M,
34683,PY,0111,02,Dev Psychology for Non-Majors,3 TR,0800-0915pm,Amico M,
35725,PY,0111,03,Dev Psychology for Non-Majors,3 TR,0800-0915pm,Creane M,
35946,PY,0111,OL1,Dev Psychology for Non-Majors,3,Online,Primavera J,UDIV
35726,PY,0121,01,Fundamentals of Social Psych,3 TF,1230-0145pm,Braginsky D,
34694,PY,0122,01,Psychology and the Law,3 TF,0200-0315pm,Braginsky D,
35727,PY,0131,01,Abnormal Psych for Non-Majors,3 MR,0200-0315pm,Hollingsworth D,
34695,PY,0201,01,Statistics for Life Sciences,4,MR 1230-0120pm,,Salafia W,
"",,,,,,W 1200-1250pm,,,
34698,PY,0201,02,Statistics for Life Sciences,4,MR 1100-1150am,,Henkel L,
"",,,,,,W 1000-1050am,,,
34696,PY,0201L,01A,Statistics Lab,,T 0900-1059am,,Salafia W,
34697,PY,0201L,01B,Statistics Lab,,T 0330-0529pm,,Salafia W,
34699,PY,0201L,02A,Statistics Lab,,W 1130-0129pm,,Henkel L,
34700,PY,0201L,02B,Statistics Lab,,W 0200-0359pm,,Henkel L,
34684,PY,0202,01,Research Methods in Psychology,4,MR 0900-1040am,,Rakowitz S,
34685,PY,0202,02,Research Methods in Psychology,4,MR 0330-0510pm,,Hollingsworth D,
34701,PY,0211,01,Developt Psychology for Majors,3,MW 0500-0615pm,,Creane M,
34767,PY,0212,01,Dev Psych for Majors with Lab,4,TF 0930-1215pm,,Primavera J,SERL UDIV
35728,PY,0217,01,Crs-Cult Persp on Lifespan Dev,3,TR 0630-0745pm,,Creane M,
34687,PY,0221,01,Social Psychology,3,MR 1230-0145pm,,Andreychik M,
34702,PY,0231,01,Abnormal Psychology for Majors,3,TF 1230-0145pm,,Hollingsworth D,
34703,PY,0234,01,Theories in Psychotherapy,3,MW 0800-0915pm,,Elias D,
34688,PY,0251,01,Cognitive Psychology,3,MR 0200-0315pm,,Henkel L,
35729,PY,0251,02,Cognitive Psychology,3,M 0630-0900pm,,Fichtenholtz H,
34704,PY,0252,01,Lrng & Applied Behavior Anlys,3,MR 0330-0445pm,,Salafia W,
34090,PY,0261,01,Behavioral Neuroscience,3,MR 0930-1045am,,Salafia W,
34155,PY,0261,02,Behavioral Neuroscience,3,TF 1100-1215pm,,Harding S,
35730,PY,0272,01,Hormones and Behavior,3,TF 0200-0315pm,,Harding S,
35731,PY,0281D,01,Topics: Molec & Cellular Neuro,3,MR 1100-1215pm,,Fitzgerald L,
35732,PY,0281E,01,Spec Topics: Psycholinguistics,3,TF 0930-1045am,,Adrada Rafael S,
34689,PY,0291,DB,Internship/Teaching of Psych,3,By Arrangement,,Braginsky D,
34690,PY,0291,JP,Internship/Teaching of Psych,3,By Arrangement,,Primavera J,
34691,PY,0291,LH,Internship/Teaching of Psych,3,By Arrangement,,Henkel L,
34692,PY,0291,RS,Internship/Teaching of Psych,3,By Arrangement,,Salafia W,
35084,PY,0291,SH,Internship/Teaching of Psych,3,By Arrangement,,Harding S,
34693,PY,0295,01,Supervised Research,3,W 0630-0900pm,,Harding S,
35733,PY,0321,01,Social Psych Senior Seminar,3,MR 0330-0445pm,,Andreychik M,
35222,PY,0331,01,Abnormal Child Psyc Sr Seminar,3,W 1100-0130pm,,Primavera J,
35223,PY,0392,01,Internship in Applied Psych,3,W 0630-0900pm,,Braginsky D,
35224,PY,0395,01,Independent Research,4,W 0630-0900pm,,Harding S,
CRN,Subj,Course,Sec,Title,Creds Days,Time,Instructor,Notes
35200,RS,0101A,01,ER: Religion & Critical Mind,3 MR,0930-1045am,Sozek J,
35201,RS,0101A,02,ER: Religion & Critical Mind,3 MR,1100-1215pm,Sozek J,
34545,RS,0101C,01,ER:CommonQuestionsTradResponse,3 MWR,0800-0850am,Slotemaker J,
34546,RS,0101C,02,ER:CommonQuestionsTradResponse,3 MR,0930-1020am,Slotemaker J,
"",,,,,W,0900-0950am,,
35203,RS,0101C,03,ER:CommonQuestionsTradResponse,3 MR,0800-0915am,Cosacchi D,
35204,RS,0101C,04,ER:CommonQuestionsTradResponse,3 MR,1100-1215pm,Cosacchi D,
34547,RS,0101D,01,ER:Religion in Comparative Key,3 MR,0930-1020am,Thiel J,
"",,,,,W,0900-0950am,,
34548,RS,0101D,02,ER:Religion in Comparative Key,3 MR,1230-0120pm,Thiel J,
"",,,,,W,1200-1250pm,,
34549,RS,0101D,03,ER:Religion in Comparative Key,3 MWR,0200-0250pm,Thiel J,
34550,RS,0101D,04,ER:Religion in Comparative Key,3 TWF,0800-0850am,Hannafey F,
34551,RS,0101D,05,ER:Religion in Comparative Key,3 TF,0930-1020am,Hannafey F,
"",,,,,W,0900-0950am,,
34745,RS,0101D,06,ER:Religion in Comparative Key,3 MW,0500-0615pm,Ranstrom E,
35205,RS,0101D,07,ER:Religion in Comparative Key,3 MW,0630-0745pm,Ranstrom E,
34746,RS,0101E,01,"ER: Peo of the Book,SacredTxts",3 TF,1100-1215pm,Gaines J,
34747,RS,0101E,02,"ER: Peo of the Book,SacredTxts",3 TF,0200-0315pm,Gaines J,
35826,RS,0101E,03,"ER: Peo of the Book,SacredTxts",3 TF,0330-0445pm,Gaines J,
35827,RS,0101E,04,"ER: Peo of the Book,SacredTxts",3 MW,0500-0615pm,Glassman M,
35828,RS,0101E,05,"ER: Peo of the Book,SacredTxts",3 MW,0630-0745pm,Glassman M,
35076,RS,0101E,OL1,"ER: Peo of the Book,SacredTxts",3,Online,Sabella J,
34552,RS,0209,01,Jewish Interpret of Scripture,3 MR,0330-0445pm,Prosnit J,
35303,RS,0218,01,Faith After the Holocaust,3 TF,0930-1045am,Umansky E,
35829,RS,0230,01,Introduction to Catholicism,3,TF,0930-1045am,Thiel J,
35830,RS,0235,01,Liberation Theology,3,TF,1100-1215pm,Lakeland P,SERL UDIV
35831,RS,0235,02,Liberation Theology,3,MR,1230-0145pm,Molloy K,SERL UDIV
35832,RS,0236,01,Christian Feminist Theology,3,TF,1230-0145pm,Dallavalle N,IGRC UDIV
35030,RS,0240,OL1,The Medieval Church,3,,Online,Jones D,
34248,RS,0244,01,Finding God in All Things,3,MR,0330-0445pm,DeFeo J,
35209,RS,0245,01,The Reformation Era,3,T,0500-0730pm,Spollett D,
35211,RS,0248,01,Catholic Intellectual Tradtn,3,TF,1230-0145pm,Lakeland P,
34748,RS,0252,01,Contemporary Moral Problems,3,TF,0200-0315pm,Hannafey F,
35213,RS,0252,02,Contemporary Moral Problems,3,MW,0500-0615pm,McGinley D,
34981,RS,0252,OL1,Contemporary Moral Problems,3,,Online,Cintron C,
35833,RS,0255,01,Catholic Social Teaching,3,W,0800-1030am,Cosacchi D,SJRC
34634,RS,0257,01,Christian Spirituality,3,MR,1100-1215pm,Sauers E,
35834,RS,0260,01,Religion in the United States,3,TWF,1100-1150am,Ciollo L,
35835,RS,0263,01,New Religious Mvments in Amer,3,TF,1230-0145pm,Ciollo L,
35836,RS,0263,02,New Religious Mvments in Amer,3,TF,0200-0315pm,Ciollo L,
35837,RS,0315,01,Modern Jewish Theology,3,W,1100-0130pm,Umansky E,
CRN,Subj,Course,Sec,Title,Creds Days,Time,Instructor,Notes
34269,RU,0111,01,Elementary Russian II,3 MR,0930-1020am,Syssoeva E,
"",,,,,W,0900-0950am,,
34270,RU,0211,01,Intermediate Russian II,3 MR,1100-1150am,Syssoeva E,
"",,,,,W,1000-1050am,,
CRN,Subj,Course,Sec,Title,Creds Days Time,,Instructor,Notes
35852,RES,0310,01,Capstone Sem: Current Topics,3 By Arrangement,,McFadden D,
CRN,Subj,Course,Sec,Title,Creds Days Time,,Instructor,Notes
34044,SO,0011,01,Introduction to Sociology,3 TF 0930-1045am,,Quartey B,
34139,SO,0011,02,Introduction to Sociology,3 TF 1100-1215pm,,Quartey B,
34381,SO,0011,03,Introduction to Sociology,3 T 0800-0915pm,,Mielants E,HYBD
34859,SO,0011,04,Introduction to Sociology,3 W 1100-0130pm,,Rodrigues R,
35689,SO,0151,01,Sociology of Religion,3 W 1100-0130pm,,Wilson J,UDIV
34156,SO,0162,01,"Race,Gender & Ethnic Relations",3 TF 0200-0315pm,,Delfino P,UDIV
34614,SO,0162,02,"Race,Gender & Ethnic Relations",3 TF 0330-0445pm,,Delfino P,UDIV
35159,SO,0169,01,Women: Work and Sport,3 MR 0200-0315pm,,Rodrigues R,UDIV
34615,SO,0171,01,Criminology,3 MR 1100-1215pm,,Rodrigues R,
34217,SO,0175,01,Sociology of Law,3 MR 0930-1045am,,Rodrigues R,
35690,SO,0193,01,History of Social Welfare,3 W 1100-0130pm,,Oliver K,
35691,SO,0221,01,Social & Political Data Analys,4 M 0630-0900pm,,STAFF,
34958,SO,0229,01,Contemporary Social Theory,3 T 0500-0730pm,,Mielants E,
34045,SO,0398,01,Field Work Placement,3 By Arrangement,,Rodrigues R,
CRN,Subj,Course,Sec,Title,Creds Days,Time,Instructor,Notes
35034,SP,0110,01,Elementary Spanish I,3 TWF,0800-0850am,Gizzi S,
34822,SP,0111,01,Elementary Spanish II,3 MR,1100-1150am,STAFF,
"",,,,,W,1000-1050am,,
34823,SP,0111,02,Elementary Spanish II,3 MR,1100-1150am,Gaskill L,
"",,,,,W,1000-1050am,,
34824,SP,0111,03,Elementary Spanish II,3 MR,1230-0120pm,Gaskill L,
"",,,,,W,1200-1250pm,,
34825,SP,0111,04,Elementary Spanish II,3 MWR,0400-0450pm,Martinez-Meraz A,
34826,SP,0111,05,Elementary Spanish II,3,MWR,0500-0550pm,Martinez-Meraz A,
34827,SP,0111,06,Elementary Spanish II,3,MWR,0500-0550pm,DeLuca A,
34845,SP,0111,07,Elementary Spanish II,3,MWR,0500-0550pm,McNulty V,
34846,SP,0111,08,Elementary Spanish II,3,MWR,0630-0720pm,McNulty V,
34852,SP,0111,09,Elementary Spanish II,3,TWF,0800-0850am,Morabito P,
35771,SP,0111,10,Elementary Spanish II,3,TF,0930-1020am,Morabito P,
"",,,,,,W,0900-0950am,,
35035,SP,0210,01,Intermediate Spanish I,3,MWR,0800-0850am,Arce M,
35036,SP,0210,02,Intermediate Spanish I,3,MR,0930-1020am,Arce M,
"",,,,,,W,0900-0950am,,
35037,SP,0210,03,Intermediate Spanish I,3,MWR,0400-0450pm,Funez L,
35038,SP,0210,04,Intermediate Spanish I,3,TF,0930-1020am,Hernandez I,
"",,,,,,W,0900-0950am,,
35039,SP,0210,05,Intermediate Spanish I,3,TWF,1100-1150am,Hernandez I,
35040,SP,0210,06,Intermediate Spanish I,3,TWF,1100-1150am,Arango-Martin M,
35041,SP,0210,07,Intermediate Spanish I,3,TF,1230-0120pm,Hernandez I,
"",,,,,,W,0100-0150pm,,
35042,SP,0210,08,Intermediate Spanish I,3,TF,1230-0120pm,Adrada Rafael S,
"",,,,,,W,0100-0150pm,,
35261,SP,0210,09,Intermediate Spanish I,3,TF,0200-0250pm,Adrada Rafael S,
"",,,,,,W,0300-0350pm,,
34714,SP,0211,01,Intermediate Spanish II,3,MR,0930-1020am,Sarria M,
"",,,,,,W,0900-0950am,,
34828,SP,0211,02,Intermediate Spanish II,3,MR,1100-1150am,Sarria M,
"",,,,,,W,1000-1050am,,
34829,SP,0211,03,Intermediate Spanish II,3,MR,1230-0120pm,Pavon G,
"",,,,,,W,1200-1250pm,,
34830,SP,0211,04,Intermediate Spanish II,3,MWR,0200-0250pm,Pavon G,
34831,SP,0211,05,Intermediate Spanish II,3,MWR,0200-0250pm,Gaskill L,
34847,SP,0211,06,Intermediate Spanish II,3,MWR,0400-0450pm,Gaskill L,
34848,SP,0211,07,Intermediate Spanish II,3,MWR,0500-0550pm,Brea X,
34849,SP,0211,08,Intermediate Spanish II,3,MWR,0630-0720pm,Brea X,
34853,SP,0211,09,Intermediate Spanish II,3,TF,1230-0120pm,Arango-Martin M,
"",,,,,,W,0100-0150pm,,
34861,SP,0220,01,Topics in Language and Culture,3,TF,0200-0315pm,Hernandez I,
34176,SP,0245,01,Analys&Interp of Hispanic Lit,3,TF,1100-1215pm,Johnson J,
35262,SP,0245,02,Analys&Interp of Hispanic Lit,3,TF,1230-0145pm,Johnson J,
35772,SP,0251,01,Spanish Civilization & Culture,3,TF,0200-0315pm,Arango-Martin M,
35773,SP,0271,01,Hispanic Film,3,MR,0200-0315pm,Farrell M,WDIV
35774,SP,0359,01,"Cult,Civ,Lit/SpanAmCaribRegion",3,MR,1230-0145pm,Farrell M,WDIV
34244,SP,0381,01,Coordinating Seminar I,3,T,0500-0730pm,Johnson J,
CRN,Subj,Course,Sec,Title,Creds Days,Time,Instructor,Notes
34119,SA,0012,01,Introduction to Drawing,3 R,0930-1200pm,Ford K,
35704,SA,0014,01,Introduction to Printmaking,3 T,0200-0430pm,Yarrington K,
35378,SA,0016,01,Introduction to 2-D Design,3 M,0930-1200pm,Gorchov R,
35705,SA,0100,01,Experiments in Drawing,3 M,0200-0430pm,Mendelsohn J,
35706,SA,0100,02,Experiments in Drawing,3 W,1100-0130pm,Yarrington K,
35707,SA,0132,01,Sculpture: Const and Subtract,3 M,0930-1200pm,Donovan M,
35380,SA,0133,01,Alt Processes Photography,3 F,1100-0130pm,Post J,
34249,SA,0134,01,Digital Photography,3 W,0930-1200pm,Edwards C,
35708,SA,0137,01,Motion and Time-Based Art,3 W,0200-0430pm,Yarrington K,
34836,SA,0139,01,Watercolor,3 T,1100-0130pm,Chamlin-Richer S,
34837,SA,0139,02,Watercolor,3 T,0200-0430pm,Chamlin-Richer S,CLRC
35381,SA,0299,01,Advanced Projects Seminar,3 R,1100-0130pm,Chamlin-Richer S,
34097,SA,0301,01,Exhibition Seminar,3 R,1100-0130pm,Chamlin-Richer S,
CRN,Subj,Course,Sec,Title,Creds Days Time,,Instructor,Notes
34109,TA,0011,01,Introduction to Theatre,3 TF 1100-1215pm,,Learson J,
34556,TA,0030,01,Acting I,3 TF 0200-0315pm,,Mason J,
34832,TA,0094,01,TF Performance Practicum,1 By Arrangement,,Schwans T,
35709,TA,0094,02,TF Performance Practicum,1 By Arrangement,,STAFF,
35710,TA,0094,03,TF Performance Practicum,1 By Arrangement,,LoMonaco M,
34833,TA,0095,01,TF Production Practicum,1 By Arrangement,,Porter L,
35125,TA,0095,02,TF Production Practicum,1 By Arrangement,,Porter L,
35711,TA,0095,03,TF Production Practicum,1 By Arrangement,,Porter L,
35712,TA,0120,01,American Drama,3 MWR 0200-0250pm,,LoMonaco M,UDIV
34839,TA,0150,01,Intro to Entertainment Tech,3 MR 0930-1045am,,Kendall A,
35713,TA,0288,01,Scene Design,3 TF 1230-0145pm,,Porter L,
35111,TA,0395,01,Stage Management Internship,3 By Arrangement,,Porter L,
CRN,Subj,Course,Sec,Title,Creds Days,Time,Instructor,Notes
34170,WS,0301,01,WGSS Capstone Seminar,3 W,0200-0430pm,Lawrence A,
35931,WS,0301,02,WGSS Capstone Seminar,3 R,0500-0730pm,Orlando E,
CRN,Subj,Course,Sec,Title,Creds Days,Time,Instructor,Notes
34390,AC,0011,01,Intro to Financial Accounting,3 MR,1230-0145pm,Ebrahim A,
34815,AC,0011,02,Intro to Financial Accounting,3 MR,0930-1045am,Ebrahim A,
34085,AC,0012,01,Intro to Management Accounting,3 MR,1100-1215pm,Bloch R,
34164,AC,0012,02,Intro to Management Accounting,3 MR,1230-0145pm,Bloch R,
34180,AC,0012,03,Intro to Management Accounting,3 TF,0800-0915am,Burke G,
34181,AC,0012,04,Intro to Management Accounting,3 TF,0930-1045am,Burke G,
34182,AC,0012,05,Intro to Management Accounting,3 TF,0200-0315pm,Burke G,
34183,AC,0012,06,Intro to Management Accounting,3 TF,0330-0445pm,Burke G,
34271,AC,0012,07,Intro to Management Accounting,3 MR,0930-1045am,Caster P,
34391,AC,0012,08,Intro to Management Accounting,3 MR,1100-1215pm,Caster P,
34392,AC,0012,09,Intro to Management Accounting,3 TF,1100-1215pm,Drusbosky J,
34569,AC,0012,10,Intro to Management Accounting,3 TF,1230-0145pm,Drusbosky J,
34616,AC,0012,11,Intro to Management Accounting,3 MR,0930-1045am,Kardos A,
34617,AC,0012,12,Intro to Management Accounting,3 MR,1230-0145pm,Kardos A,
34618,AC,0012,13,Intro to Management Accounting,3 MR,0200-0315pm,Lee J,
34768,AC,0012,14,Intro to Management Accounting,3 MR,0330-0445pm,Lee J,
35226,AC,0012,15,Intro to Management Accounting,3 TR,0500-0615pm,STAFF,
34137,AC,0203,01,Intermediate Accounting I,3 R,0630-0900pm,Bloch R,
34033,AC,0204,01,Intermediate Accounting II,3 TF,0930-1045am,Peck M,
34067,AC,0204,02,Intermediate Accounting II,3 TF,1100-1215pm,Peck M,
34272,AC,0204,03,Intermediate Accounting II,3 TF,0200-0315pm,Peck M,
34967,AC,0204,04,Intermediate Accounting II,3 W,0630-0900pm,Yost S,
34393,AC,0265,01,Accounting Information Systems,3 W,0800-1030am,Brenner S,
34145,AC,0310,01,Advanced Accounting,3 W,0630-0900pm,Haylon L,
34228,AC,0310,02,Advanced Accounting,3 TF,0930-1045am,Poli P,
34619,AC,0310,03,Advanced Accounting,3 TF,1230-0145pm,Poli P,
34315,AC,0320,01,Cost Management,3 TF,1100-1215pm,Bradford B,
34620,AC,0320,02,Cost Management,3 TF,1230-0145pm,Bradford B,
35681,AC,0320L,01,Cost Management Lab,1 M,0500-0615pm,Bradford B,
34223,AC,0330,01,Auditing,3 MW,0500-0615pm,Fernandez-Varela C,
34570,AC,0330,02,Auditing,3 M,0630-0900pm,Fernandez-Varela C,
34230,AC,0343,01,Federal Income Taxation I,3 T,0630-0900pm,Drusbosky J,
34814,AC,0343,02,Federal Income Taxation I,3 W,1100-0130pm,Ebrahim A,
35682,AC,0343,03,Federal Income Taxation I,3 MR,0200-0315pm,Mettler K,
34571,AC,0344,01,Ind Tax: Socioeconomic Applict,3 MW,0500-0615pm,D'Agostin J,SERL UDIV
34083,AC,0345,01,Federal Income Taxation II,3 MR,0630-0900pm,Mettler K,
CRN,Subj,Course,Sec,Title,Creds Days,Time,Instructor,Notes
34165,BU,0211,01,Legal Environment of Business,3 T,0630-0900pm,McEvoy S,
34166,BU,0211,02,Legal Environment of Business,3 W,0630-0900pm,McEvoy S,
34167,BU,0211,03,Legal Environment of Business,3 W,0800-1030am,Hillgen-Santa J,
34168,BU,0211,04,Legal Environment of Business,3 W,1100-0130pm,Hillgen-Santa J,
34624,BU,0211,05,Legal Environment of Business,3 MW,0630-0745pm,Pena C,
34942,BU,0211,06,Legal Environment of Business,3 MW,0500-0615pm,Pena C,
34943,BU,0211,07,Legal Environment of Business,3 M,0630-0900pm,McEvoy S,
34184,BU,0220,01,Environmental Law and Policy,3 W,0200-0430pm,McEvoy S,
CRN,Subj,Course,Sec,Title,Creds Days,Time,Instructor Notes
34091,EC,0012,01,Introduction to Macroeconomics,3 TF,0800-0915am,Shadmani H
34092,EC,0012,02,Introduction to Macroeconomics,3 MR,1230-0145pm,McCloghry G
34093,EC,0012,03,Introduction to Macroeconomics,3 TF,0930-1045am,Murray T
34094,EC,0012,04,Introduction to Macroeconomics,3 MR,1230-0145pm,Nantz K
34157,EC,0012,05,Introduction to Macroeconomics,3 MR,0330-0445pm,Martin T
34190,EC,0012,06,Introduction to Macroeconomics,3 MR,0200-0315pm,Martin T
34274,EC,0012,07,Introduction to Macroeconomics,3 TF,0330-0445pm,Martin T
34307,EC,0012,08,Introduction to Macroeconomics,3 TF,0200-0315pm,Martin T
34308,EC,0012,09,Introduction to Macroeconomics,3 MR,0930-1045am,Leclair M
34382,EC,0012,10,Introduction to Macroeconomics,3 MR,0930-1045am,Vasquez Mazariegos W
34554,EC,0012,11,Introduction to Macroeconomics,3 MR,1100-1215pm,Lane P
34555,EC,0012,12,Introduction to Macroeconomics,3 W,0630-0900pm,Leclair M
34678,EC,0012,13,Introduction to Macroeconomics,3 MR,1100-1215pm,McCloghry G
34679,EC,0012,14,Introduction to Macroeconomics,3 MR,1230-0145pm,Lane P
34680,EC,0012,15,Introduction to Macroeconomics,3 MR,0200-0315pm,Lane P
34681,EC,0012,16,Introduction to Macroeconomics,3 MR,0800-0915am,Nantz K
34819,EC,0012,17,Introduction to Macroeconomics,3 TF,1100-1215pm,Franceschi D
35324,EC,0012,18,Introduction to Macroeconomics,3 TF,0330-0445pm,Murray T
35325,EC,0012,19,Introduction to Macroeconomics,3 MR,1100-1215pm,Vasquez Mazariegos W
35936,EC,0012,20,Introduction to Macroeconomics,3 MR,0930-1045am,Nantz K
35327,EC,0012,OL1,Introduction to Macroeconomics,3,Online,Vasquez Mazariegos W
35780,EC,0112,01,Econ Aspects Social Probs: Water,3 MR,1230-0145pm,Vasquez Mazariegos W
35328,EC,0120,01,Environmental Economics,3 TF,1230-0145pm,Franceschi D WDIV
34840,EC,0150,01,Media Economics,3 TF,1230-0145pm,Hiller R
35329,EC,0152,01,Economics of Sport,3 TF,1100-1215pm,Murray T
35781,EC,0185,01,Regional Economic Development,3 MR,1230-0145pm,Leclair M IGRC SERL
34024,EC,0205,01,Interm Macroeconomic Theory,3 TF,0930-1045am,Shadmani H
34138,EC,0205,02,Interm Macroeconomic Theory,3 TF,1100-1215pm,Shadmani H
34383,EC,0205L,01,Interm Macro Econ Theory Lab,1 T,0200-0250pm,Shadmani H
34969,EC,0231,01,International Trade,3 MR,0200-0315pm,Leclair M
35785,EC,0276,01,Public Finance,3 TF,0200-0315pm,Murray T
34816,EC,0320,01,Fin Markets & Institutions,3 MR,0330-0445pm,Lane P
34025,EC,0380,01,Econometrics,3 TF,0930-1045am,Hiller R
35332,EC,0397,01,Microeconomics Seminar,3 TF,0200-0315pm,Hiller R
CRN,Subj,Course,Sec,Title,Creds Days,Time,Instructor,Notes
34194,FI,0101,01,Introduction to Finance,3 TF,0200-0315pm,Hlawitschka W,
34195,FI,0101,02,Cancelled,,,,
34196,FI,0101,03,Introduction to Finance,3 MR,0200-0315pm,Martinez V,
34197,FI,0101,04,Introduction to Finance,3 MR,0800-0915am,Alan N,
34198,FI,0101,05,Introduction to Finance,3 MR,0930-1045am,Alan N,
34807,FI,0101,06,Introduction to Finance,3 TF,1230-0145pm,Kozlowski S,
35675,FI,0101,07,Cancelled,,,,
35676,FI,0101,08,Introduction to Finance,3 W,0630-0900pm,Parisi R,
35677,FI,0101,09,Introduction to Finance,3 MR,0930-1045am,Van Ness J,
34623,FI,0200,01,Global Capital Markets,3 TF,0200-0315pm,Looby R,
34868,FI,0200,02,Global Capital Markets,3 TF,0330-0445pm,Looby R,
34084,FI,0210,01,Principles of Investment,3 TF,1100-1215pm,Zhang Y,
34110,FI,0210,02,Principles of Investment,3 TF,1230-0145pm,Zhang Y,
34809,FI,0210,03,Principles of Investment,3 TF,0800-0915am,Kozlowski S,
35678,FI,0210,04,Principles of Investment,3 TF,0930-1045am,Kozlowski S,
34034,FI,0215,01,Financial Management,3 MR,1230-0145pm,Bardos K,
34120,FI,0215,02,Financial Management,3 MR,0200-0315pm,Bardos K,
34728,FI,0215,03,Financial Management,3 TF,0930-1045am,Looby R,
35164,FI,0215,04,Financial Management,3 TF,1100-1215pm,Looby R,
34225,FI,0240,01,International Finance,3 MR,0930-1045am,Martinez V,
34231,FI,0240,02,International Finance,3 MR,1100-1215pm,Martinez V,
34169,FI,0310,01,Portfolio Analysis,3,T,0500-0730pm,Koutmos G
34175,FI,0310,02,Portfolio Analysis,3,W,1100-0130pm,Koutmos G
35165,FI,0325,01,Seminar in Real Estate,3,MR,1100-1215pm,Bardos K
34038,FI,0330,01,Case Studies in Finance,3,TF,0800-0915am,McDermott J
34070,FI,0330,02,Case Studies in Finance,3,TF,0930-1045am,McDermott J
34146,FI,0330,03,Case Studies in Finance,3,MR,1230-0145pm,Puleo M
34810,FI,0330,04,Case Studies in Finance,3,MR,0330-0445pm,Puleo M
35167,FI,0330,05,Case Studies in Finance,3,R,0630-0900pm,Puleo M
35679,FI,0330,06,Case Studies in Finance,3,MR,0330-0445pm,McDonald M
34811,FI,0330,OL1,Case Studies in Finance,3,M,0630-0900pm,Conine T
35092,FI,0397,01,Seminar: Alt Investments,3,R,0500-0730pm,Gangwani S
35517,FI,0398,02,Seminar in Finance: Rotman Sim,3,T,0500-0730pm,Hlawitschka W
CRN,Subj,Course,Sec,Title,Creds Days,Time,Instructor,Notes
34147,IS,0100,01,Intro to Information Systems,3 MR,1100-1215pm,Vinekar V,
34148,IS,0100,02,Intro to Information Systems,3 MR,1230-0145pm,Vinekar V,
34149,IS,0100,03,Intro to Information Systems,3 MR,0200-0315pm,Ozcelik Y,
34150,IS,0100,04,Intro to Information Systems,3 MR,0330-0445pm,Ozcelik Y,
34151,IS,0100,05,Intro to Information Systems,3 TF,0930-1045am,Wang K,
34641,IS,0100,06,Intro to Information Systems,3 TF,1100-1215pm,Tao J,
35912,IS,0100,07,Intro to Information Systems,3 TF,1230-0145pm,Wang K,
35913,IS,0100,08,Intro to Information Systems,3 TF,0200-0315pm,Tao J,
34642,IS,0135,01,Fundamentals of Web Design,3 MR,0200-0315pm,Vinekar V,
34643,IS,0210,01,Fundamentals of Busn Analytics,3 MR,0930-1045am,Lee P,
35914,IS,0210,02,Fundamentals of Busn Analytics,3 MR,0330-0445pm,STAFF,
34644,IS,0240,01,Sys Analysis & Logical Design,3 TF,1100-1215pm,Huntley C,
34645,IS,0260,01,Database Systems,3 TF,0200-0315pm,Huntley C,
35915,IS,0315,01,Data Mining and Applications,3 W,1100-0130pm,Ozcelik Y,
35141,IS,0320,01,Sys Design & Implementation,3 W,0200-0430pm,Huntley C,
CRN,Subj,Course,Sec,Title,Creds Days,Time,Instructor,Notes
34199,MG,0101,01,Intro to Management,3 TF,1230-0145pm,Cavanaugh J,
34200,MG,0101,02,Intro to Management,3 TF,0200-0315pm,Cavanaugh J,
34201,MG,0101,03,Intro to Management,3 MR,1100-1215pm,Cerrone R,
34226,MG,0101,04,Intro to Management,3 MR,0330-0445pm,Daulerio P,
34227,MG,0101,05,Intro to Management,3 TF,0330-0445pm,Daulerio P,
34625,MG,0101,06,Intro to Management,3 MR,0930-1045am,Cerrone R,
34626,MG,0101,07,Intro to Management,3 TF,0200-0315pm,Daulerio P,
34944,MG,0101,08,Intro to Management,3 MR,0200-0315pm,Daulerio P,
34128,MG,0235,01,Managing Human Resources,3 TF,1230-0145pm,Solomon N,
34394,MG,0235,02,Managing Human Resources,3 TF,1100-1215pm,Solomon N,
34627,MG,0240,01,Leading and Managing People,3 TF,0930-1045am,Mainiero L,
34628,MG,0240,02,Leading and Managing People,3 TF,1100-1215pm,Mainiero L,
34202,MG,0300,01,Bus Strategy Global Envir,3 MR,1100-1215pm,Giapponi C,
34203,MG,0300,02,Bus Strategy Global Envir,3 TF,0200-0315pm,Moretz J,
34204,MG,0300,03,Bus Strategy Global Envir,3 MR,1230-0145pm,Giapponi C,
34205,MG,0300,04,Bus Strategy Global Envir,3 MR,1230-0145pm,Bhattacharya M,
34242,MG,0300,05,Bus Strategy Global Envir,3 TF,0330-0445pm,Moretz J,
34629,MG,0300,06,Bus Strategy Global Envir,3 R,0630-0900pm,Bhattacharya M,
35295,MG,0300,07,Bus Strategy Global Envir,3 W,0200-0430pm,Roseman J,
35715,MG,0303E,01,Topics: Entrepreneurship Cnslt,3 TF,1100-1215pm,Hamer C,
35716,MG,0303F,01,Topics: Build High Perf Teams,3 T,0500-0730pm,Cavanaugh J,CLRC
35298,MG,0320,01,Diversity in the Workplace,3 MR,0200-0315pm,Stafford L,UDIV
34945,MG,0330,01,Career Planning,3 W,1100-0130pm,Mainiero L,
35717,MG,0336,01,Social Entrepreneurship,3 TF,0930-1045am,Moretz J,
35299,MG,0337,01,Entrepreneurship: Prod Dev/Com,3 MR,0200-0315pm,Scheraga C,
34946,MG,0370,01,Managing Non-Profit Orgs,3 MR,0330-0445pm,Giapponi C,
35300,MG,0375,01,Sports Management,3 T,0500-0730pm,Doris E,
35718,MG,0385,01,Managing People for Glbl Busn,3 MR,0930-1045am,Bhattacharya M,WDIV
CRN,Subj,Course,Sec,Title,Creds Days,Time,Instructor,Notes
34206,MK,0101,01,Principles of Marketing,3 MR,0800-0915am,Naderi I,
34207,MK,0101,02,Principles of Marketing,3 MR,0930-1045am,Naderi I,
34208,MK,0101,03,Principles of Marketing,3 MW,0500-0615pm,Neal J,
34209,MK,0101,04,Principles of Marketing,3 TF,0930-1045am,Sharma N,
34621,MK,0101,05,Principles of Marketing,3 TF,1230-0145pm,Sharma N,
34622,MK,0101,06,Principles of Marketing,3 TF,0200-0315pm,Neal J,
35161,MK,0101,07,Principles of Marketing,3 W,1100-0130pm,Cavallo G,
34129,MK,0212,01,Consumer Behavior,3 MR,1100-1215pm,Chaudhuri A,
34130,MK,0212,02,Consumer Behavior,3 MR,0200-0315pm,Chaudhuri A,
34751,MK,0212,03,Consumer Behavior,3 MR,0330-0445pm,Chaudhuri A,
34185,MK,0231,01,Advertising,3 TF,1100-1215pm,Moritz J,
34232,MK,0231,02,Advertising,3 W,0200-0430pm,Moritz J,
34395,MK,0241,01,Digital Marketing,3 MR,1230-0145pm,Tarrant P,
34860,MK,0241,02,Digital Marketing,3 MR,0200-0315pm,Tarrant P,
34131,MK,0311,01,Marketing Research,3 TF,1100-1215pm,Micu C,
34132,MK,0311,02,Marketing Research,3 TF,1230-0145pm,Micu C,
35455,MK,0311,03,Marketing Research,3 M,0630-0900pm,Blum A,
35672,MK,0311,04,Marketing Research,3 W,0200-0430pm,Sharma N,
34133,MK,0312,01,Global Marketing,3 MR,1100-1215pm,Rajamma R,WDIV
34134,MK,0312,02,Global Marketing,3 MR,0200-0315pm,Rajamma R,WDIV
35673,MK,0312,03,Global Marketing,3 MR,0330-0445pm,Rajamma R,WDIV
34598,MK,0331,01,Media Strategy,3 MR,0800-0915am,Neal J,
35091,MK,0331,02,Media Strategy,3 TF,0930-1045am,Neal J,
34329,MK,0332,01,Public Relations,3 T,0630-0900pm,Christian W,
35486,MK,0332,02,Public Relations,3 M,0630-0900pm,Christian W,
34318,MK,0341,01,Brand Management,3 MR,0930-1045am,Cavallo G,
34396,MK,0341,02,Brand Management,3 MR,1230-0145pm,Cavallo G,
35674,MK,0342,01,Contemporary Issues in Mktg,3 T,0630-0900pm,Herr P,
CRN,Subj,Course,Sec,Title,Creds Days,Time,Instructor,Notes
34210,OM,0101,01,Operations Management,3 MR,0930-1045am,He X,
34211,OM,0101,02,Operations Management,3 MR,1100-1215pm,He X,
34212,OM,0101,03,Operations Management,3 MR,1230-0145pm,Lee P,
34213,OM,0101,04,Operations Management,3 MR,0330-0445pm,He X,
34235,OM,0101,05,Operations Management,3 TF,0930-1045am,Lewis N,
34284,OM,0101,06,Operations Management,3 TF,1230-0145pm,Lewis N,
34646,OM,0101,07,Operations Management,3 TF,0330-0445pm,Krchnavy J,
34750,OM,0101,08,Operations Management,3 W,1100-0130pm,Remediani C,
35459,OM,0101,09,Operations Management,3 R,0500-0730pm,STAFF,
34936,OM,0140,01,Project Management,3 T,0630-0900pm,McCabe T,
CRN,Subj,Course,Sec,Title,Creds Days,Time,Instructor,Notes
35233,BEN,0300,01,Biomedical Instrumentation,4 TF,1230-0245pm,Freudzon S,
35853,BEN,0332,01,Biomedical Imaging,3 TF,0930-1045am,Freudzon S,
CRN,Subj,Course,Sec,Title,Creds Days,Time,Instructor,Notes
34799,CR,0245,01,Digital Design I,3 MR,1100-1215pm,Lyon D,
34995,CR,0245,02,Digital Design I,3 MR,1230-0145pm,Lyon D,
34791,CR,0245L,01,Digital Design I Lab,1 T,0200-0400pm,Cavallo J,
34800,CR,0245L,02,Digital Design I Lab,1 W,0200-0400pm,Cavallo J,
34664,CR,0320,01,Computer Networks,3 W,1100-0130pm,Lyon D,
35854,CR,0332,01,Biomedical Imaging,3 TF,0930-1045am,Freudzon S,
CRN,Subj,Course,Sec,Title,Creds Days,Time,Instructor,Notes
35855,CS,0101,01,Introduction to Computing,3 TF,1100-1215pm,STAFF,
34850,CS,0131,01,Fundamentals of Programming,3 MR,1100-1215pm,Macbeth J,
34864,CS,0131,02,Fundamentals of Programming,3 MR,1230-0145pm,Macbeth J,
35460,CS,0131,03,Fundamentals of Programming,3 MR,0330-0445pm,Macbeth J,
34996,CS,0331,01,Operating Systems,3 W,0630-0900pm,Corcoran J,
34997,CS,0343,01,Analysis of Algorithms,3 MW,0500-0615pm,Corcoran J,
CRN,Subj,Course,Sec,Title,Creds Days,Time,Instructor,Notes
34220,EE,0221,01,Frequency Domain Circuit Analy,3 MR,0930-1045am,Balaji U,
35860,EE,0331,01,Analog Electronics Design,3 MR,0200-0315pm,Balaji U,
35861,EE,0331L,01,Analog Electronics Lab,1 R,0630-0830pm,Denenberg J,
34999,EE,0379,01,Communication Systems,3 TF,1230-0145pm,Balaji U,
35862,EE,0385,01,Powr Generation & Distribution,3 W,0630-0900pm,Denenberg J,
CRN,Subj,Course,Sec,Title,Creds Days,Time,Instructor,Notes
35240,EG,0060,01,STEM of Guitar,3 TF,1230-0230pm,Munden R,
35241,EG,0130,01,Engineering Graphics I,3 TF,1100-1215pm,Schaer D,
35242,EG,0130,02,Engineering Graphics I,3 TF,1230-0145pm,Schaer D,
35243,EG,0130,03,Engineering Graphics I,3 TF,0200-0315pm,Schaer D,
35247,EG,0260,01,Robots,3 TF,0930-1045am,Munden R,CLRC SERL
35248,EG,0300,01,Feedback Control Systems,3 MR,0330-0445pm,Denenberg J,
35249,EG,0305,01,Design of Mechatronics Systems,3 W,0630-0900pm,Judge A,
34798,EG,0391,01,Senior Design Project II,3 TR,0500-0615pm,Rusu-Sprincenatu A,
CRN,Subj,Course,Sec,Title,Creds Days,Time,Instructor,Notes
34113,ME,0203,01,Kinematics and Dynamics,3 MR,0200-0315pm,Zabinski M,
34665,ME,0203,02,Kinematics and Dynamics,3 MR,0330-0445pm,Zabinski M,
34435,ME,0307L,01,Dynamics Systems Lab,1 W,0415-0615pm,Cupic K,
35000,ME,0307L,02,Dynamics Systems Lab,1 W,0630-0830pm,Cupic K,
34666,ME,0308,01,Strength of Materials,3 MR,1100-1215pm,Zabinski M,
35001,ME,0308,02,Strength of Materials,3 TR,0500-0615pm,STAFF,
34667,ME,0318,01,Finite Element Analysis,3,T,0630-0900pm,Bauer G
35002,ME,0318,02,Finite Element Analysis,3,R,0630-0900pm,Bauer G
35863,ME,0327,01,Fracture Mechanics,3,R,0630-0900pm,McFadden J
34062,ME,0342,01,Applications of Thermodynamics,3,MR,1230-0145pm,Etemad S
34668,ME,0342,02,Applications of Thermodynamics,3,MR,0200-0315pm,Etemad S
34122,ME,0347,01,Fluid Mechanics,3,MR,1100-1215pm,Safari Qariq M
35003,ME,0347,02,Fluid Mechanics,3,MR,0330-0445pm,Safari Qariq M
34436,ME,0348L,01,Thermal and Fluids Lab,1,T,1100-0100pm,Anekwe C
35004,ME,0348L,02,Thermal and Fluids Lab,1,T,0200-0400pm,Anekwe C
34792,ME,0353,01,Computational Fluid Dynamics,3,M,0630-0900pm,Safari Qariq M
CRN,Subj,Course,Sec,Title,Creds Days,Time,Instructor,Notes
35867,SW,0300,01,Software Engineering Methods,3 F,0500-0730pm,Rusu A,
35868,SW,0301,01,Software Design Methods,3 W,1100-0130pm,Rusu A,
35869,SW,0320,01,Software Testing & Maintenance,3 M,0630-0900pm,Rusu A,
CRN,Subj,Course,Sec,Title,Creds Days,Time,Instructor,Notes
35873,HS,0200,01,Health Comm for Healthcare Pro,3 T,0500-0730pm,Pagano M,SERL
34959,HS,0399,01,Health Studies Capstone,3 W,0200-0430pm,Pagano M,
35291,HS,0399,02,Health Studies Capstone,3 W,1100-0130pm,Kelley P,
CRN,Subj,Course,Sec,Title,Creds Days,Time,Instructor,Notes
34240,NS,0110,01,Intro to Professional Nursing,3 TF,1230-0145pm,Saracino K,
34756,NS,0110,02,Intro to Professional Nursing,3 W,0200-0430pm,Saracino K,
34241,NS,0112,01,Healthcare Delivery Systems,3 TF,1230-0145pm,Sullivan K,
35292,NS,0112,02,Healthcare Delivery Systems,3 W,0200-0430pm,Planas J,SERO
34314,NS,0252,01,Health Assessment for RNs,3 R,0500-0730pm,Hall D,RNNU
34140,NS,0270,01,Health Assessment,4 T,0500-0640pm,Bartos S,
34752,NS,0270,02,Health Assessment,4 T,0320-0500pm,Mager D,
34397,NS,0270L,01,Health Assessment Lab,0 M,0600-0920pm,Mager D,
34398,NS,0270L,02,Health Assessment Lab,0 T,1130-0250pm,Hall D,
34399,NS,0270L,03,Health Assessment Lab,0 W,0800-1120am,Hall D,
34400,NS,0270L,04,Health Assessment Lab,0 W,1230-0350pm,Hall D,
34401,NS,0270L,05,Health Assessment Lab,0 R,0600-0920pm,Mager D,
34753,NS,0270L,06,Health Assessment Lab,0 F,1230-0350pm,Bartos S,
34755,NS,0270L,07,Health Assessment Lab,0 F,0800-1120am,Sullivan K,
34402,NS,0272,01,Geriatric Nursing,4 MR,1100-1215pm,Lovanio K,RCOL
35875,NS,0272C,X,Geriatric Nursing Clinical,0,,STAFF,
34403,NS,0305,01,Mental Health Nursing,4 MR,0930-1045am,Roberto A,RCOL
35293,NS,0305,02,Mental Health Nursing,4 MR,1100-1215pm,Roberto A,RCOL
35876,NS,0305C,X,Mental Health Nursing Clinical,0,,STAFF,
34158,NS,0310,01,Found/Resrch Evid Based Pract,3 MR,0330-0445pm,Burrows K,
34579,NS,0310,02,Found/Resrch Evid Based Pract,3 MR,1230-0145pm,Sullivan K,
35064,NS,0310,03,Found/Resrch Evid Based Pract,3 TF,0150-0320pm,Murphy M,SDNU
34159,NS,0312,01,Medical Surgical Nursing I,5 MR,1100-1215pm,Chaplik S,
35065,NS,0312,02,Medical Surgical Nursing I,5 MR,1100-1215pm,Iannino-Renz R,
35877,NS,0312C,X,Med Surgical Nursing I Clinic,0,,STAFF,
34575,NS,0314,01,Maternal and Newborn Nursing,4 MR,0930-1045am,LoGiudice J,
35878,NS,0314C,X,Maternal/Newborn Nursing Clin,0,,STAFF,
34214,NS,0321,01,Professional Nursing Leadershp,3 W,0200-0430pm,Love K,
34296,NS,0321,02,Professional Nursing Leadershp,3 W,0200-0430pm,Burrows K,
34602,NS,0321,03,Professional Nursing Leadershp,3 W,0500-0730pm,Love K,RNNU
35070,NS,0321,04,Professional Nursing Leadershp,3 TF,0930-1045am,Hall D,SDNU
34160,NS,0323,01,Pediatric Nursing,4 MR,0200-0315pm,O'Shea E,
35400,NS,0323,02,Pediatric Nursing,4 TF,1100-1215pm,O'Shea E,SDNU
35883,NS,0323C,X,Pediatric Nursing Clinical,0,,STAFF,
34277,NS,0325,01,Medical Surgical Nursing II,5 TF,0800-0915am,Bautista C,SDNU
35885,NS,0325C,X,Med Surgical Nursing II Clinic,0,,STAFF,SDNU
34186,NS,0330,01,"Comm, Pub & Globl Hlth Nursing",4 W,1100-0130pm,Mager D,SERL WDIV
35886,NS,0330C,X,Comm Pub & Globl Hlth Clinical,0,,STAFF,
34187,NS,0332,01,Trans to Professional Nursing,4 W,0500-0550pm,Saracino K,
35887,NS,0340,01,Intro to Global Public Health,3 MW,0500-0615pm,Planas J,
34299,NS,0356,01,Transition Sem for Prof Nrsng,3 R,0500-0730pm,Pomarico C,RNNU
34068,NS,0360,01,Critical Care Nursing,3 W,0800-1030am,Bautista C,
35410,NS,0360,02,Critical Care Nursing,3 W,0800-1030am,Bartos S,
CRN,Subj,Course,Sec,Title,Creds Days,Time,Instructor,Notes
35680,PB,0101,01,Public Health & Social Justice,3 MR,1100-1215pm,Kelley P,
